Services;Description type
Accompagnement à l’emploi;Soutien et accompagnement pour rechercher un emploi : rédaction de CV,  préparation d'entretien, réalisation des démarches administratives nécessaires.
Accompagnement social;Soutien apporté par des travailleurs sociaux, sur une courte ou longue durée, pour aider à connaître et faire valoir ses droits. Cet accompagnement, destiné autant aux personnes seules qu'aux familles, vise aussi à leur transmettre les informations essentielles sur leur situation et à favoriser leur intégration dans la société.
Accueil de jour;Lieu où les personnes peuvent venir se reposer pendant la journée, et qui propose en général plusieurs services essentiels (repas, hygiène...).
Activités diverses;Activités de loisir, le plus souvent en groupe : culturelles (théâtre, sorties...), manuelles (couture, poterie...)
Activités sportives;Activités sportives, individuelles ou collectives, le plus souvent encadrées par des animateurs.
acupuncture;Consultation où le spécialiste utilise des aiguilles pour stimuler certains points du corps afin de soulager des douleurs ou améliorer le bien-être
Addiction;Accueil, information et accompagnement pour les personnes présentant une dépendance (à une substance, à une activité) et/ou leurs proches.
Aide à la mobilité;Aide (financière, matérielle...) pour faciliter le transport des personnes : pour le permis de conduire, pour l'achat ou la réparation d'un véhicule, pour le transport en commun...
allergologie;Consultation où le médecin identifie et traite les allergies grâce à des tests, des conseils et, si nécessaire, un traitement adapté.
Animaux;Distribution gratuite ou à petit prix de produits pour les animaux comme des croquettes ou des produits d'hygiène.
Atelier de cuisine;Des ateliers cuisine sont des moments de partage où l'on apprend des recettes, des astuces ou des manières de cuisiner. Ces ateliers sont animés par des bénévoles ou des professionnels.
Atelier numérique;Atelier, le plus souvent en groupe, qui permet d'apprendre ou de se perfectionner avec l'informatique : utiliser les outils, réaliser ses démarches en ligne, chercher un emploi, réaliser un CV...
Bagagerie;Lieu où il est possible de déposer ses affaires (exemple : bagages) pour une durée plus ou moins longue.
Bibliothèque;Consultation ou prêt de livres gratuit.
Bien-être;Les service de bien-être proposent des activités pour se détendre et prendre soin de soi. Ces activités peuvent inclure la sophrologie, la relaxation, la méditation, ou encore des massages.
Bon/chèque alimentaire;Les bons et chèques alimentaires sont des aides distribuées aux personnes en difficulté financière pour qu'elles puissent faire leurs courses. Ils permettent d'acheter des produits alimentaires (hors alcool) et d’hygiène dans les commerces classiques partenaires.
Boutique Solidaire;Objets, matériel, meubles gratuits ou à petit prix.
cardiologie;Consultation où le spécialiste du cœur examine le patient, vérifie la santé cardiovasculaire et fournit un traitement ou des conseils si nécessaire.
Co-voiturage;Le covoiturage permet à plusieurs personnes de partager une voiture pour effectuer un trajet ensemble.
Coffre-fort numérique;Le coffre-fort numérique est un outil pour stocker ses documents administratifs et personnels. Le but est d'avoir une copie de ces documents  pour ne pas les perdre.
Colis bébé;Un colis bébé est une aide pour les familles en difficulté financière. On peut y trouver des produits comme des couches, des biberons, du lait maternisé et/ou des vêtements.
Conseil administratif;Conseil et aide simple sur les démarches administratives de base.
Conseil aux parents;Conseil, écoute et soutien pour les parents dans l'éducation de leurs enfants.
Conseil budget;Conseil et aide sur la gestion de son budget, par exemple en cas de sur-endettement.
Conseil Handicap;Soutien et accompagnement pour les personnes en situation de handicap : démarches administratives, aides...
Conseil logement;Le conseil logement propose des informations et un accompagnement pour rechercher un logement. Il soutient aussi les personnes pour rester dans leur logement, par exemple en cas de logement insalubre ou de procédure d’expulsion.
Cours de français;Cours qui permet d'apprendre la langue française.
Cuisine partagée;Une cuisine partagée permet d'avoir accès à du matériel pour cuisiner et de cuisiner avec d'autres personnes.
Dentaire;Consultation où le dentiste examine les dents et les gencives, soigne les problèmes dentaires et donne des conseils pour garder une bonne santé bucco-dentaire.
Dépistage;Examen médical permettant de détecter une maladie (MST, tuberculose...) afin d’agir rapidement si nécessaire.
dermatologie;Consultation où le médecin examine la peau, les cheveux et les ongles, traite les problèmes dermatologiques et donne des conseils de soins.
Distribution de repas;Distribution de repas gratuits ou à petit prix.
Domiciliation;La domiciliation permet aux personnes sans-domicile d'avoir une adresse administrative. Celle-ci permet de recevoir du courrier et de bénéficier d'aides et prestations sociales.
Douche;Douches accessibles pour se laver.
echographie;Examen médical par échographie permettant d'observer les organes internes, comme un bébé pendant la grossesse, sans douleur ni rayons X.
Ecrivain public;Un écrivain public est une personne qui rédige ou aide à rédiger des documents administratifs.
endocrinologie;Consultation où le spécialiste des hormones examine le patient, analyse les troubles hormonaux et propose un traitement ou des conseils adaptés.
Epicerie sociale et solidaire;"Une épicerie sociale et solidaire se présente comme une épicerie ""classique"". La différence est que les produits qu'on y trouve sont moins chers (entre 10% et 30% du prix de base). Faire ses courses dans une épicerie sociale et solidaire est réservé à des personnes qui ont des difficultés financières."
Espace de repos;Un espace de repos est un lieu calme où les personnes peuvent s’allonger ou s’asseoir pendant la journée. Il est équipé de sièges et de canapés pour pouvoir se reposer.
Espace familles;L’espace famille est un lieu où les familles peuvent se retrouver avec leurs enfants. Elles peuvent y participer à des jeux et passer du temps ensemble.
Fontaine à eau;Accès à de l'eau potable.
Frigo solidaire;Un frigo solidaire est un réfrigérateur en libre service que l'on peut trouver à plusieurs endroits en ville, par exemple dans ou devant certains commerces. Des gens peuvent y déposer des aliments et d'autres peuvent les prendre gratuitement.
Garde d’enfants;La garde d’enfants permet de confier ses enfants à une structure d’accueil, dans un environnement sécurisé, pour une demi-journée ou une journée.
gastro-enterologie;Consultation où le spécialiste du système digestif examine le patient, évalue les troubles digestifs et fournit un traitement ou des conseils.
gynecologie;Consultation où le spécialiste de la santé des femmes examine, conseille et traite les problèmes liés au cycle menstruel, à la grossesse et aux organes reproducteurs.
Halte de nuit;Une halte de nuit est un lieu hébergement temporaire pour une nuit.
Hébergement citoyen;L’hébergement citoyen permet de loger temporairement chez un habitant. Cet hébergement est réglementé par une association ou un service public.
Hébergement d’urgence;L'hébergement d'urgence permet aux personnes d’accéder à un abri immédiat et sécurisé, de plusieurs nuits à plusieurs mois.
Hébergement long-terme;L’hébergement long terme permet aux personnes de bénéficier d'un logement adapté pour une longue durée, dans le cadre d'un parcours de réinsertion et avec un accompagnement social dédié.
Infirmerie;Consultation où l’infirmier réalise des soins, fait des pansements, administre des médicaments ou vaccins, et donne des conseils pour la santé.
Insertion par l’Activité Economique;L’insertion par l’activité économique (IAE) aide les personnes éloignées de l’emploi, en raison de difficultés sociales ou professionnelles, à retrouver un travail. Ce dispositif propose un accompagnement renforcé et des contrats de travail adaptés pour favoriser l'insertion sociale et professionnelle.
Jardin solidaire;Un jardin solidaire est un jardin où des personnes s'occupent de faire pousser des fruits, légumes et aromates. Elles jardinent ensemble et partagent les récoltes.
kinesitherapie;Consultation où le kinésithérapeute aide à soulager la douleur, améliorer les mouvements et rééduquer le corps après une blessure ou une opération grâce à des exercices et des massages.
Laverie;Machines à laver accessibles pour laver ses vêtements.
mammographie;Examen médical par radiographie permettant d'examiner les seins et de détecter d'éventuelles anomalies, comme un cancer du sein.
Masques;Distribution de masques chirurgicaux ou en tissus, pour éviter la propagation de maladies.
Médecin généraliste;Consultation où un médecin examine un patient, écoute ses symptômes, pose des questions et donne des conseils ou un traitement pour soigner une maladie ou prévenir des problèmes de santé.
Mise à disposition de véhicule;Véhicule, comme une voiture, prêté gratuitement ou à prix réduit.
Musée;Musées gratuits ou à tarif réduit.
nutrition;Consultation où le spécialiste aide à équilibrer l’alimentation en fonction des besoins et de la santé du patient.
ophtalmologie;Consultation où le spécialiste des yeux examine la vision, diagnostique les troubles oculaires et prescrit des traitements ou des corrections si nécessaire.
Ordinateur;Ordinateur disponible, en accès libre ou sur inscription, pour réaliser différentes tâches numériques (internet, bureautique...)
orthophonie;Consultation où le spécialiste aide à améliorer la parole, la communication et la déglutition chez les enfants et les adultes.
osteo;Consultation où le praticien utilise des manipulations manuelles pour soulager les douleurs et rétablir l’équilibre du corps.
oto-rhino-laryngologie;Consultation où le spécialiste des oreilles, du nez et de la gorge examine, diagnostique et traite les affections liées à ces organes.
Panier alimentaire;"Le panier alimentaire (appelés aussi colis alimentaires) est une forme d'aide alimentaire. Les personnes qui en ont besoin pourront recevoir des produits alimentaires à cuisiner gratuitement ou à petit prix  :
- soit dans un panier déjà tout prêt ;
- ou bien à choisir eux mêmes sur un étal."
pedicure;Consultation où le spécialiste examine et soigne les pieds ainsi que les troubles liés à la marche.
Permanence juridique;Entretien gratuit, anonyme et confidentiel avec un juriste qui informe sur les difficultés juridiques et les démarches à entreprendre (titre de séjour, droit d'asile, victimes de violence, conflits familiaux...)
phlebologie;Consultation où le médecin spécialiste des veines examine la circulation sanguine et traite les problèmes comme les varices.
pneumologie;Consultation où le spécialiste des poumons examine la respiration, dépiste et traite les maladies respiratoires comme l’asthme ou la bronchite.
Point d'information et d’orientation;Le point d'information et d'orientation est un service qui donne des informations générales sur les droits des personnes et aide à orienter vers les services appropriés.
Prise;Prises électriques accessibles, pour recharger son téléphone portable, par exemple.
Produits d'hygiène;Les produits d'hygiène permettent de nettoyer, protéger et prendre soin du corps : gel douche, protections périodiques, serviettes...
Psychologie;Echange avec un psychologue, ou en groupe, pour exprimer ses difficultés, recevoir un soutien et trouver des solutions adaptées.
radiologie;Examen médical utilisant des images (rayons X, IRM, scanner…) pour observer l’intérieur du corps et aider au diagnostic.
rhumatologie;Consultation où le spécialiste des articulations et des os évalue et traite des douleurs comme l’arthrose ou l’ostéoporose.
Soins enfants;Consultation de médecine pour les enfants :   santé, croissance, les maladies qu'ils peuvent avoir, de la naissance jusqu'à l'adolescence.
Soutien scolaire;Accompagnement, individuel ou collectif, dans la scolarité : aide aux devoirs, cours, préparation d'examen...
stomatologie;Consultation où le spécialiste de la bouche, des dents et du visage soigne les pathologies buccales et maxillaires.
Suivi Grossesse;Consultations médicales pour vérifier la santé de la mère et du bébé, suivre le développement de la grossesse et préparer l’accouchement.
Téléphone;Téléphone accessible, pour appeler ses proches par exemple.
Toilettes;Toilettes accessibles.
Transport avec chauffeur;Le transport avec chauffeur permet de se déplacer en voiture ou bus sans avoir à conduire. C'est un service assuré gratuitement ou à prix réduit.
urologie;Consultation où le spécialiste des voies urinaires et des organes génitaux examine, diagnostique et traite les troubles urinaires ou sexuels.
Vaccination;Séance de vaccination où un vaccin est injecté pour protéger contre certaines maladies (grippe, COVID, hépatites...) en aidant le corps à se défendre.
Vêtements;Vêtements gratuits ou à petit prix.
Vétérinaire;Consultation où le vétérinaire examine un animal, vérifie sa santé, soigne ses maladies et donne des conseils pour son bien-être
Wifi;Connexion à un réseau wifi qui permet d'accéder à internet, sur un ordinateur, un smartphone...