place_name,texte_fautif,explication
Le Refuge de Pantin,d'une pension de famille et et d'un centre d'hébergement d'urgence,répétition du mot 'et'
Hors la rue - centre d'appui aux maraudes,,
CAARUD PROSES Saint-Denis,quelque soit,"erreur d'orthographe, devrait être 'quelle que soit'"
CAARUD PROSES Saint-Denis,dès 18 ans,"expression peu claire, devrait être 'à partir de 18 ans'"
CAARUD PROSES Saint-Denis,dit “à bas seuil d'exigence”,"expression peu claire, devrait être 'dénommé “à bas seuil d'exigence”' ou 'appelé “à bas seuil d'exigence”'"
CAARUD PROSES Saint-Denis,consommatrices des drogues,"accord de genre, devrait être 'consommateurs ou consommatrices de drogues' ou 'personnes consommant des drogues'"
CAARUD PROSES Saint-Denis,"tenue vestimentaire, orientation sexuelle, origine ethnique,  opinions politiques, appartenance religieuse etc.","utilisation abusive du mot 'etc.', devrait être explicité ou remplacé par une phrase plus claire"
CAARUD PROSES Montreuil,,
CAARUD Yucca,,
CAARUD Aurore,usagers de drogues Il,manque de conjonction de coordination ou de ponctuation pour lier les deux phrases
CAARUD Aurore,usagers de drogues notamment,manque de virgule après 'drogues' pour isoler l'adverbe 'notamment'
CAARUD Aurore,accès à l’hygiène et aux soins de première nécessité,"aucune erreur détectée dans ce fragment, mais il pourrait être utile de préciser 'première nécessité' avec des guillemets ou en italique pour indiquer qu'il s'agit d'une expression spécifique"
CAARUD Aurore,Une équipe est dédiée au ramassage de seringues et petits matériels,manque d'accord de l'adjectif 'petits' avec le nom 'matériels' : 'petits matériels' devrait être 'petits matériaux' ou 'du petit matériel' pour être correct
Toilettes publiques,,
Toilettes publiques,,
CMP Pantin,,
Restos du Coeur - Centre d’activités d'Aubervilliers,,
Restos du Coeur - Centre d’activités d'Aulnay-sous-Bois,,
Restos du Coeur - Centre d’activités de Bondy,,
Restos du Coeur - Centre d’activités de Drancy,,
Restos du Coeur - Centre d’activités de La Courneuve,,
Restos du Coeur - Centre d’activités du Pré-Saint-Gervais,,
Restos du Coeur - Centre d’activités des Lilas,,
Restos du Coeur - Centre d’activités de Noisy-le-Grand,,
Restos du Coeur - Centre d’activités de Noisy-le-Sec,,
Restos du Coeur - Centre d’activités de Pantin,,
Restos du Coeur - Centre d’activités de Pierrefitte,,
Restos du Coeur - Centre d’activités de Saint-Denis,,
Restos du Coeur - Centre d’activités de Saint-Ouen,,
Restos du Coeur - Centre d’activités de Stains,,
Restos du Coeur - Centre d’activités de Tremblay-en-France,,
Restos du Coeur - Centre d’activités de Villepinte,,
Le Pôle Social,une l'épicerie,erreur d'accord : 'un' au lieu de 'une' ou suppression de 'l''
Restos du Coeur - Centre d’activités du Bourget,,
Restos du Coeur - Centre d’activités de Neuilly-sur-Marne,,
Restos du Coeur - Centre d’activités de Montreuil,,
Restos du Coeur - Centre d’activités de Sevran,,
Association Speranza,ouverture,"le mot 'ouverture' n'est pas présent, mais 'ouvert' est correct, cependant 'du lundi au vendredi' devrait être 'du lundi au vendredi inclus' ou simplement 'du lundi au vendredi' est correct mais 'l'épicerie est ouverte' serait plus logique"
Association Speranza,réservée,"l'accord de 'réservée' avec 'l'accès' est incorrect, il faudrait 'est réservé' pour un accord correct avec 'l'accès' qui est masculin"
Boutique Coup de Main - Pantin,,
Boutique Coup de Main - Bagnolet,,
Habitat-Cité,,
Association Ikambere « La Maison Accueillante »,,
SPADA 93,,
Mission Locale d'Aubervilliers / AISPJA,,
Mission Locale La Lyr - Bobigny,,
SOS Victimes 93 - Point d'accès aux droits,,
Mission Locale Paris Terres d'Envol - Antenne du Blanc-Mesnil,,
Mission Locale Paris Terres d'Envol - Antenne de Drancy,à l’étrange,"erreur d'orthographe, devrait être 'à l'étranger'"
PASS - GHI Montfermeil,médecine spécialisé,accord de genre : spécialisée
PASS - GHI Montfermeil,ordonnance médical,accord de genre : médicale
PASS - GHI Montfermeil,Des consultations de médecine spécialisé,meilleure formulation : Des consultations de médecine spécialisée
PASS - GHI Montfermeil,remise de médicaments sur ordonnance médical,meilleure formulation : remise de médicaments sur ordonnance médicale
La Place Santé,,
Mission Locale Intercommunale - antenne de Bondy,pouvant bénéficier d’un accompagnement personnalisé par un conseiller,manque de conjonction de coordination pour relier les deux parties de la phrase
Mission Locale Intercommunale - antenne de Bondy,Accueille les jeunes de Bondy,"manque de verbe conjugué pour introduire la phrase, utilisez 'La Mission locale accueille' pour la cohérence"
point-justice du Pré Saint-Gervais,,
Mission Locale CODE - antenne d'Épinay-sur-Seine,,
Mission Locale CODE- antenne de Saint-Ouen-sur-Seine,,
PASS - Hôpital Avicenne,,
Mission Locale CODE - antenne de Villetaneuse,,
PASS - Hôpital Jean Verdier,,
point-justice de Livry-Gargan,,
Mission Locale de La Courneuve,,
PASS - CHI Robert Ballanger,médecine spécialisé,accord de genre : spécialisée
PASS - CHI Robert Ballanger,ordonnance médical,accord de genre : médicale
PASS - CHI Robert Ballanger,La difficulté d’accès ou de recours aux soins,reformulation possible pour plus de clarté : Les difficultés d'accès ou de recours aux soins
PASS - CHI Robert Ballanger,Des consultations de médecine spécialisé,reformulation possible pour plus de clarté : Des consultations de médecine spécialisée
PASS - CHI Robert Ballanger,La rupture du lien social,reformulation possible pour plus de clarté : La rupture des liens sociaux
PASS - CHI Robert Ballanger,L’absence de logement stable ou logement précaire,reformulation possible pour plus de clarté : L'absence de logement stable ou le logement précaire
PASS - CHI Robert Ballanger,Problème(s) de la couverture social,reformulation possible pour plus de clarté : Des problèmes de couverture sociale
Mission Locale de la Dhuys - Clichy-sous-Bois,,
point-justice de Drancy,,
PASS - Centre hospitalier de Saint-Denis Delafontaine,,
Mission Locale Intercommunale - antenne de Montreuil,,
Maison des services publics de Montfermeil,,
Mission Locale de la Lyr - Pantin,La Mission locale de la Lyr,"Manque de précision sur le nom de la mission locale, probablement 'La Mission locale de la Lyre' ou une erreur de typographie"
Mission Locale de la Lyr - Pantin,La Mission locale de la Lyr vous aide,Même erreur de typographie ou de nom que précédemment
Mission Locale de la Lyr - Pantin,La Mission Locale de la Lyr,Même erreur de typographie ou de nom que précédemment et problème d'accord de majuscule/minuscule
Mission Locale de la Marne aux Bois - Rosny,,
point-justice de Montreuil Centre-Ville,,
Mission Locale CODE - antenne de Pierreﬁtte,,
Mission Locale CODE - Saint-Denis (Siège),,
Bureau d'accompagnement vers l'emploi,,
Planning Familial 93,spéciﬁques,"erreur de caractère spécial, remplacer par 'spécifiques'"
Planning Familial 93,IVG,"acronyme non explicité, ajouter une explication pour les non-initiés, par exemple 'Interruption Volontaire de Grossesse'"
Planning Familial 93,inceste…,"point de suspension inutile, remplacer par 'inceste'"
Planning Familial 93,Formations. .,"espace inutile, remplacer par 'Formations.'"
SOS Femmes 93  - Lieu d'Accueil et d'Orientation,"les mardi, mercredi et jeudi","accord de genre : les mardis, mercredis et jeudis"
SOS Femmes 93  - Lieu d'Accueil et d'Orientation,aux  rendez-vous individuel,accord de genre : aux rendez-vous individuels
SOS Femmes 93  - Lieu d'Accueil et d'Orientation,aux ateliers collectifs sur inscriptions,précision : sur inscription
SOS Femmes 93  - Lieu d'Accueil et d'Orientation,"qui dispense une écoute confidentielle et anonyme, du lundi au vendredi de 14h à 17h","cohérence des horaires : la permanence téléphonique est déjà mentionnée comme étant du lundi au vendredi de 14h à 17h, il n'est pas nécessaire de le répéter"
CSAPA Docteur Pesqué,Les consultations ont lieu au CMS sur rendez vous uniquement,erreur d'orthographe : 'rendez vous' devrait être 'rendez-vous'
CSAPA Docteur Pesqué,Des consultations sont également ouvertes à l’entourage,manque de précision : il serait préférable de préciser 'à l'entourage des personnes concernées' ou similaire
Secours Populaire - Comité de Drancy,,
CSAPA Balagny,,
AIDES Saint-Denis,par rapport à la consommation de produits psycho-actif,accord de genre : produits psychoactifs
AIDES Saint-Denis,des tests rapides du VIH et de l'hépatites C,accord de genre : des tests rapides du VIH et de l'hépatite C
AIDES Saint-Denis,Sans RDV tous les Mercredi,accord de genre : Sans RDV tous les mercredis
AIDES Bobigny,des actions prévention,Manque de l'article défini ou de la préposition 'de' avant 'prévention'
AIDES Bobigny,la consommation des produits (drogues),"Utilisation non conventionnelle de parenthèses pour ajouter une explication, préférer 'la consommation de drogues'"
AIDES Bobigny,les préservatifs (interne et externe),"Utilisation non conventionnelle de parenthèses pour ajouter une explication, préférer 'les préservatifs internes et externes'"
AIDES Bobigny,le matériel de réductions des risques,"Erreur d'accord de pluriel, préférer 'le matériel de réduction des risques'"
AIDES Bobigny,"des auto-prélèvements anaux, vaginaux ou oraux","Pas d'erreur, mais il serait préférable de préciser 'des auto-prélèvements anaux, vaginaux ou oraux pour détecter les infections' pour plus de clarté"
AIDES Bobigny,Les permanences d'accueil de santé sexuelle sont tous les mercredis de 14h00-19h30,Préférer 'Les permanences d'accueil de santé sexuelle ont lieu tous les mercredis de 14h00 à 19h30' pour plus de clarté
AIDES Bobigny,"On parle sexualité, santé sexuelle et comment réduire ses prises de risques","Préférer 'Nous discutons de la sexualité, de la santé sexuelle et de la façon de réduire les prises de risques' pour plus de clarté et de formalité"
Secours Populaire - Comité de La Courneuve,,
Point d'Accès au Droit de Noisy-le-Sec,,
CeGIDD Départemental de Bobigny,,
Mission Locale Intercommunale - antenne de Sevran,,
Secours Populaire - Comité des Lilas,,
Mission Locale Intercommunale - antenne de Villemomble,,
Boutique alimentaire Coup de pouce,,
CSAPA Oppelia Cap 93,Le CSAPA Oppelia Cap 93 accueillent,accord sujet-verbe : 'accueille' au lieu de 'accueillent'
CSAPA Oppelia Cap 93,dans le temps de présence de la secrétaire,"expression peu claire, peut être remplacée par 'durant les heures de présence de la secrétaire' ou 'lorsque la secrétaire est présente'"
Mission Locale Intercommunale - antenne de Tremblay-en-France,,
ASKOLA,vivant en dans,erreur de répétition du mot 'en'
ASKOLA,des actions d'éducation : préparation scolaire dans les dispositifs “Passerelle” des camions-école;,"manque de cohésion entre les éléments de la phrase, une virgule ou un point pourrait améliorer la lisibilité"
ASKOLA,des actions de médiation scolaire : sensibilisation; accompagnement pour les inscriptions scolaires et l'entrée à l'école;,"même remarque que précédemment, un point ou une virgule pourrait améliorer la lisibilité"
ASKOLA,"des actions de plaidoyer : avec un collectif de mères d'élèves concernées, améliorer la prise en compte des besoins par les politiques publiques, défendre le droit à l'école et combattre les obstacles à la scolarisation","même remarque que précédemment, un point ou une virgule pourrait améliorer la lisibilité"
Maison de Justice et du Droit d'Epinay-sur-Seine,,
Maison de Justice et du Droit de Clichy-sous-Bois,,
Espace Tête à Tête,les adolescents et les jeunes adultes de la Seine-Saint-Denis,manque de préposition 'de' ou 'du' avant 'la Seine-Saint-Denis' pour indiquer la provenance
Espace Tête à Tête,les violences,manque de l'article défini 'les' avant 'violences' pour préciser le type de violences
Espace Tête à Tête,des problématiques associée,"accord de genre, 'associées' au lieu de 'associée' pour correspondre au pluriel 'problématiques'"
Espace Tête à Tête,Orienter et accompagner,"manque de verbe conjugué, utiliser 'orienter' et 'accompagner' à la même conjugaison"
Espace Tête à Tête,ses conduites à risque,utiliser 'les' au lieu de 'ses' pour indiquer les conduites à risque en général
Centre de Soins d'Accompagnement et de Prévention en Addictologie (CSAPA) -  Le Chat,,
Association Femmes Relais Médiatrices Interculturelles,,
CeGIDD Hôpital André Grégoire - Montreuil,,
CeGIDD du Centre hospitalier de Saint-Denis,,
Secours Populaire - Comité de l'île Saint-Denis,,
CASITA Maison des adolescents,,
CASADO Maison des adolescents,,
CSAPA la Mosaïque,,
Secours Populaire - Comité de Livry Gargan,le lundi et le jeudi,"Répétition du article 'le' devant les deux jours de la semaine, il faudrait utiliser 'le' pour le premier jour et 'et le' pour le second jour ou utiliser 'les' pour les deux jours : 'Permanence d'accueil les lundi et jeudi' ou 'Permanence d'accueil le lundi et le jeudi' est acceptable mais 'Permanence d'accueil les lundi et jeudi' est plus courant"
Secours Catholique de Clichy-sous-Bois,,
Juris Secours Bobigny,écrivain public,"devrait être 'écrivain public' ou 'service d'écrivain public', mais dans ce contexte, il est plus probable que le terme approprié soit 'service d'écrivain public' ou simplement 'écrire des lettres et formulaires'"
Juris Secours Bobigny,la Maire annexe Racine,erreur d'accord : 'Maire' devrait être 'Mairie'
Juris Secours Bobigny,"toutes les 3 semaines, le vendredi de 10h à 12h, à la Mairie annexe Epstein","répétition : cette phrase est répétée trois fois avec des adresses différentes, mais la formulation est identique"
Juris Secours Bobigny,"toutes les 3 semaines, le vendredi de 10h à 12h, à la Mairie annexe Emile Aillaud",même erreur de répétition que ci-dessus
Juris Secours Bobigny,"toutes les 3 semaines, le vendredi de 10h à 12h, à la Maire annexe Racine",même erreur de répétition que ci-dessus
France Services de villetaneuse -Maison Commune-Espace Numerique,etat,orthographe : devrait être 'État'
France Services de villetaneuse -Maison Commune-Espace Numerique,les 9 partenaires de l'etat,précision : il faudrait préciser qui sont ces partenaires
France Services de villetaneuse -Maison Commune-Espace Numerique,"les agents France Services et , les conseillers Numérique",syntaxe : virgule non nécessaire après 'et'
France Services de villetaneuse -Maison Commune-Espace Numerique,conseillers Numérique,orthographe : devrait être 'conseillers numériques'
CAUP Montreuil,,
point-justice de Sevran,,
Secours Populaire - Comité de Montreuil,le lundi,"accord de l'article défini avec le jour de la semaine, devrait être 'les lundis' pour être cohérent avec le reste de la phrase"
Secours Populaire - Comité de Montreuil,LES INSCRIPTIONS ONT LIEU LES LUNDIS,"majuscules inutiles, devrait être 'Les inscriptions ont lieu les lundis' pour respecter les règles de typographie"
Mission Locale Noisy-le-Grand,,
"La Maison du droit et de la médiation ""Gisèle Halimi""",stanois,"erreur d'orthographe, devrait être 'stagiaires' ou plus probablement 'étudiants' ou 'personnes'"
"La Maison du droit et de la médiation ""Gisèle Halimi""",es,"erreur de syntaxe, mot superflu"
Accueil de jour Emmaüs alternatives,deux douches hommes et une douche femme,accord de genre : 'deux douches pour hommes' et 'une douche pour femmes'
Accueil de jour Emmaüs alternatives,accés PMR,orthographe : 'accès PMR'
Accueil de jour Emmaüs alternatives,un écrivain public,"orthographe : 'un écrivain public' est correct, mais il serait plus approprié de préciser son rôle, par exemple 'un écrivain public pour aider à la rédaction de documents'"
Accueil de jour Emmaüs alternatives,ouverture ou renouvellement de droits,"pas d'erreur détectée, mais il serait plus clair de préciser 'ouverture ou renouvellement de droits sociaux'"
Accueil de jour Emmaüs alternatives,L’accueil de jour répond aussi aux besoins de mise à l’abri des personnes sans domicile fixe du lundi au vendredi,pas d'erreur détectée
Neptune,,
Association EFOR,,
Secours Populaire - Comité de Noisy-le-Sec,,
Secours Populaire - Comité de Pantin,,
Centre Social Esperanto,,
Association des Femmes de la Boissière (AFB),,
Maison de Justice et du Droit de Pantin,,
Restos du Coeur - Centre d’activités du Blanc-Mesnil,,
CDPS de Saint-Denis Pleyel,mineur.e.s,"Utilisation incorrecte de la notation pour indiquer le genre, il faudrait utiliser 'mineur(e)s'"
CDPS de Saint-Denis Pleyel,déplacez,"Conjugaison incorrecte du verbe 'se déplacer', il faudrait utiliser 'déplacez' -> 'ne déplacez'"
CDPS de Saint-Denis Pleyel,VENIR SUR RDV,"Majuscules inutiles, il faudrait utiliser 'Venir sur RDV'"
CDPS de Saint-Denis Pleyel,RDV,"Abréviation non explicitée, il faudrait utiliser 'rendez-vous' ou expliquer l'abréviation"
Bibliothèque Elsa Triolet,,
ADEPT 93,"Créée en 1969, L’ADEPT",Il manque un article défini avant 'ADEPT' ou 'L’ADEPT' devrait être 'L'ADEPT' sans majuscule à 'ADEPT'
ADEPT 93,Les rendez-vous ont lieu tous les matins de 9h à 12h30,Il faudrait écrire '9 h' au lieu de '9h' pour respecter les règles d'écriture des heures
ADEPT 93,le vendredi toute la journée,"Il faudrait écrire 'le vendredi, toute la journée' pour améliorer la lisibilité de la phrase"
AFPAD,"JSON invalide: {
  ""erreurs"": [
    {""texte"": ""écrivains publics"", ""explication"": ""erreur d'orthographe, devrait être 'écrivains publics' -> 'écrivain public'""},
    {""texte"": ""déclinent toutes autour d'un axe central, faire du lien pour créer du sens"", ""explication"": ""erreur de syntaxe, manque de cohésion entre les phrases""},
    {""texte"": ""nous accueillons du lundi au vendredi les personnes ayant des problématiques juridiques ou administratives pour les aider et/ou les orienter dans leurs démarches"", ""explication"": ""erreur de ponctuation, manque de virgule après 'vendredi'""},
    {""texte"": ""Pôle parentalité: soutien à la parentalité, groupe de parole, ateliers autour de cette problématique"", ""explication"": ""erreur de syntaxe, manque de virgule après 'parentalité'""},
    {""texte"": ""accueil des élèves temporairement exclus ou décrocheurs des collèges environnants (dispositif ""fil continu"")"", ""explication"": ""erreur de typographie, guillemets non nécessaires""},
    {""texte"": ""stages pour les élèves de troisième afin qu'ils rencontrent des professionnels de la justice, de la police et du droit"", ""explication"": ""erreur de syntaxe, manque de virgule après 'troisième'""},
    {""texte"": ""permanences aux commissariats de Stains pour prendre en charge des mains-courantes liées aux troubles de voisinage"", ""explication"": ""erreur d'orthographe, 'mains-courantes' -> 'main courante'""},
    {""texte"": ""L'AFPAD qui existe depuis près de vingt ans a su créer tout un réseau de partenariats au sein de la ville et de ses communes limitrophes (services municipaux, services territoriaux et nationaux…)"", ""explication"": ""erreur de ponctuation, point de suspension non nécessaire""}
  ]
}",
Bibliothèque Nelson Mandela,,
Bibliothèque Jules Verne,L'inscription permet aussi d'emprunter des documents..,Répétition de point
Bibliothèque Jules Verne,La Bibliothèque propose également des Ateliers de Conversation en Français une fois par mois,Manque de majuscule à 'français'
Bibliothèque Jules Verne,"Pour s'inscrire et emprunter des documents munissez-vous d’une pièce d’identité, d’un justificatif de domicile et d’une autorisation parentale pour les moins de 18 ans.",Répétition d'information déjà donnée
Le Kiosque,,
CDPS de Montreuil,,
Amicale du Nid - Césaria Evora: Accueil de jour Saint-Denis,,
Espace Culturel Maurice Utrillo,,
Centre social André Malraux - Annexe Mauriac,L'annexe est reliée au  Centre Social André Malraux  .,"Répétition inutile du nom du centre, il aurait été plus logique de simplement dire 'L'annexe est reliée au centre.'"
Centre Social André Malraux,,
Espace Famille - Espace Jacques Prévert,,
Centre Socioculturel des Hauts de Gagny,,
Centre Socioculturel des Epinettes,,
Centre Social et Culturel Anne Frank,,
Secours Populaire - Comité de Tremblay en France,des  permanences,"accord de déterminant : 'des' devrait être remplacé par 'des' mais il manque un article défini pour 'permanences', ce qui donne 'des permanences' qui est correct mais il y a un espace inutile entre 'des' et 'permanences'"
Secours Populaire - Comité de Tremblay en France,des  colis,"même erreur qu'au dessus, il y a un espace inutile entre 'des' et 'colis'"
Secours Populaire - Comité de Tremblay en France,"Le comité de Tremblay en France, propose",virgule de trop après 'France'
Centre Guy Toﬀoletti,,
Centre Social et Culturel Pablo Neruda,,
Centre Social et Culturel la Fosse aux Fraises,,
Centre Social et Culturel les Coutures,,
Centre Social Grand Air - Espace 40,toutes les semaines,devrait être 'toute la semaine' ou 'chaque semaine' pour une meilleure formulation
Centre Social Grand Air - Espace 40,La centre social Grand Air,accord de genre : 'Le centre social Grand Air'
Centre Social Grand Air - Espace 40,le centre ferme à 18 h,manque de point après le 'h' : 'le centre ferme à 18h.' ou 'le centre ferme à 18 heures'
Centre Social Grand Air - Espace 40,Il n'est pas ouvert le samedi matin,"formulation un peu abrupte, pourrait être reformulée en 'Nous sommes fermés le samedi matin' pour plus de clarté"
Centre Social Grand Air - Antenne  Jeunesse Bel Pêche,péri-scolaire,devrait être 'péri-scolaire'
Centre Social Grand Air - Antenne  Jeunesse Bel Pêche,créations artistique,devrait être 'créations artistiques'
Centre Social Grand Air - Antenne  Jeunesse Bel Pêche,de 14h à 18h,"manque un 0 pour les heures, devrait être 'de 14h00 à 18h00'"
Confédération syndicale des familles (CSF) Section d'Aulnay-sous-Bois,confédération syndicale des familles,"l'acronyme CSF n'est pas explicité correctement, il faudrait peut-être préciser que CSF signifie 'Confédération Syndicale des Familles' ou donner le nom complet de l'organisation"
Confédération syndicale des familles (CSF) Section d'Aulnay-sous-Bois,en temps scolaire,"le terme 'en temps scolaire' est ambigu, il faudrait préciser si les activités ont lieu pendant les heures de classe ou en dehors de celles-ci, par exemple 'pendant l'année scolaire' ou 'hors période scolaire'"
Confédération syndicale des familles (CSF) Section d'Aulnay-sous-Bois,il est préférable d'appeler la CSF au 06 88 45 44 88,"le numéro de téléphone semble être incorrect car il commence par 06 qui est un indicatif de téléphone mobile, mais il comporte 11 chiffres au lieu de 10, il faudrait vérifier le numéro de téléphone"
Divers Cités Cultures (D2C),,
Formation Insertion pour le développement et l'emploi (FIDE) - Saint-Denis I,,
Formation Insertion pour le développement et l'emploi (FIDE) - Saint-Denis II,Agir pour l’insertion professionnelle et social,accord de genre : 'sociale'
Formation Insertion pour le développement et l'emploi (FIDE) - Saint-Denis II,Accompagner à l’emploi un large public de demandeurs d’emploi ou de formatio,orthographe : 'formation'
Formation Insertion pour le développement et l'emploi (FIDE) - Saint-Denis II,Favoriser l’autonomie personnelle et social,accord de genre : 'sociale'
Formation Insertion pour le développement et l'emploi (FIDE) - Saint-Denis II,avec des formateurs référent,orthographe : 'référents'
Formation Insertion pour le développement et l'emploi (FIDE) - Saint-Denis II,Rechercher des alternatives à l’exclusion en favorisant le lien par l’économie solidaire,aucune erreur détectée dans ce fragment
Accueil de jour la Maison de la Solidarité,,
Secours Catholique  de Rosny-sous-Bois,,
Maison de  Justice et du Droit d'Aubervilliers,la structures,accord de genre : 'la structure' au lieu de 'la structures'
Maison de  Justice et du Droit d'Aubervilliers,Des activités judiciaires pénales (audience pénale par exemple) et civiles (audition par le juge des enfants par exemple) peuvent s’y dérouler.,pas d'erreur détectée dans cette phrase mais il manque un article avant 'activités' pour plus de clarté : 'Des activités judiciaires...' pourrait devenir 'Certaines activités judiciaires...'
Maison de  Justice et du Droit d'Aubervilliers,"En plus des horaires indiqués, la structures est ouverte l'après-midi du premier vendredi du mois.",accord de genre : 'la structure' au lieu de 'la structures'
La Cimade Permanence juridique (droit des étrangers),permanence,devrait être 'une permanence' pour l'accord de genre
La Cimade Permanence juridique (droit des étrangers),le mardi  à partir de 8h,préférez 'le mardi à partir de 8 heures' pour une formulation plus complète et lisible
La Cimade Permanence juridique (droit des étrangers),Inscription sur place au plus tôt avant 9h30,préférez 'Inscription sur place dès 9h30' ou 'Inscription sur place à partir de 9h30' pour plus de clarté
Association d'Alphabétisation du Foyer Pinel (Bourse du Travail),,
CCAS de Le Pré Saint-Gervais,,
Maison de quartier Franc Moisin - Bel Air - Stade de France,,
Maison de quartier Edmond Michelet,,
Maison de quartier Marcel Paul,,
Maison de quartier Rougemont,,
Caisse Primaire Assurance Maladie (CPAM) - agence de Sevran,,
Maison de quartier des Quatre-Chemins - antenne Vaillant,ouvert à tous qui favorise,accord de verbe : 'favorisent' au lieu de 'favorise'
Maison de quartier des Quatre-Chemins - antenne Vaillant,en fonction de votre quotient familial,"précision : 'en fonction de votre quotient familial, si applicable' ou 'selon votre quotient familial' pour plus de clarté"
Maison de quartier des Quatre-Chemins - antenne Vaillant,"Les permanences qu'elle accueille (écrivain public, MRAP) sont gratuites et n'ont pas besoin d'inscription","précision : 'Les permanences qu'elle accueille, comme l'écrivain public et le MRAP, sont gratuites et ne nécessitent pas d'inscription' pour plus de clarté"
Maison des Femmes Thérèse Clerc,,
Restos du Coeur - Centre d’activités de Bagnolet,,
Permanence RESF Bondy,,
Maison de Justice et du Droit de La Courneuve,,
Secours Catholique de Montreuil,,
Solidarité Enfant SIDA - Bobigny,détaillante,"erreur d'orthographe, devrait être 'détaillant' pour s'accorder avec 'la situation'"
Solidarité Enfant SIDA - Bobigny,ci-dessous,"pas d'erreur en soi, mais il manque la liste des services proposés après cette phrase"
Médiation Culture et Vie,,
Plateforme Réussite,Sur participation financiere,"Manque de détails ou de formulation claire sur la participation financière, probablement 'Sur la participation financière' ou une phrase plus complète"
Plateforme Réussite,La Plateforme Réussite se fixe pour objectif de,Utilisation de 'se fixe pour objectif de' qui pourrait être simplifié en 'a pour objectif'
Plateforme Réussite,d'évaluer la progression,"Manque de précision sur qui évalue la progression, probablement 'd'évaluer ensemble la progression' ou 'de permettre à l'individu d'évaluer sa progression'"
Plateforme Réussite,en vue d'aider les personnes à réaliser un projet de formation qui s'inscrit dans une démarche d'insertion ou d'évolution sociale ou professionnelle,"Phrase longue et complexe, pourrait être simplifiée pour améliorer la clarté"
LE POLE - La Courneuve,"l’Évaluation, l’Orientation et le Suivi","manque de cohérence dans l'utilisation des majuscules, devrait être 'l'évaluation, l'orientation et le suivi'"
LE POLE - La Courneuve,dans leur insertion professionnelle (PLIE Plaine Saint Denis),"manque d'espace après la parenthèse ouverte, devrait être 'dans leur insertion professionnelle (PLIE Plaine Saint Denis) '"
LE POLE - La Courneuve,Préparation au DILF des personnes non ou peu scolarisées. Préparation au DELF A1 des personnes scolarisées de façon signiﬁcative dans leur langue d’origine.,"manque de cohérence dans l'utilisation des minuscules et des majuscules, devrait être 'préparation au DILF... et préparation au DELF'"
LE POLE - La Courneuve,préparation au DELF A1 des personnes non ou peu scolarisées titulaires du DILF ou de niveau équivalent.,"manque de majuscule au début de la phrase, devrait être 'Préparation au DELF A1...'"
RAPID,Pierreﬁttoise,erreur de caractère spécial (ﬁ au lieu de fi)
RAPID,RAPID,"majuscules inutiles, devrait être 'Rapid' ou 'la RAPID' si c'est un acronyme"
RAPID,des cours de français de tous niveaux,manque de conjonction de coordination pour relier les deux propositions
RAPID,"qui emploie des salariés en insertion, et cuisine","conjonction de coordination 'et' inappropriée, proposition trop longue et peu claire"
Centre Social SFM Montreuil,,
SFM AD (Solidarite Formation Mobilisation Accueil et développement) Stains I,,
Solidarité et Jalons pour le travail - Bobigny,en reprise d’activitée,"erreur d'orthographe, devrait être 'en reprise d'activité'"
Solidarité et Jalons pour le travail - Bobigny,bénéficiaire,"erreur d'accord, devrait être 'bénéficiaires' pour s'accorder avec 'Demandeurs d’emploi'"
Solidarité et Jalons pour le travail - Bobigny,sous-mains de justice,"erreur d'expression, devrait être 'sous main de justice' ou plus probablement 'sous main de justice' n'est pas l'expression appropriée, peut-être 'en situation de détention' ou 'sous contrôle judiciaire'"
Solidarité et Jalons pour le travail - Bobigny,primo-arrivants,"erreur d'orthographe, devrait être 'primo-arrivants' n'est pas un mot couramment utilisé, peut-être 'personnes récemment arrivées' ou 'nouveaux arrivants'"
Solidarité et Jalons pour le travail - Bobigny,CUI-CAE,"erreur d'abréviation, devrait être expliqué ou remplacé par l'expression complète 'Contrat Unique d'Insertion - Contrat d'Accompagnement dans l'Emploi'"
Upromi - Rosny-sous-Bois,,
La Marmite,,
La Boutique Solidarité de Gagny,L’ accueil de jour,Manque de trait d'union : L'accueil de jour
La Boutique Solidarité de Gagny,toute personne adulte souffrant de l’exclusion,Préposition inutile : toute personne adulte en situation d'exclusion
La Boutique Solidarité de Gagny,"des  petits-déjeuners, douches, laveries et colis alimentaires","Répétition de 'des' : des petits-déjeuners, douches, laveries et des colis alimentaires"
La Boutique Solidarité de Gagny,tous les matins de la semaine ainsi qu'un  suivi social et administratif,Manque de cohérence : tous les matins de la semaine pour des petits-déjeuners... et tous les après-midis pour un suivi...
La Boutique Solidarité de Gagny,Des  consultations de médecin et de psychologue,Répétition de 'des' : des consultations de médecin et des consultations de psychologue
La Boutique Solidarité de Gagny,le matin ouverture tout public,"Manque de préposition : le matin, ouverture au public"
La Boutique Solidarité de Gagny,les après midis,Manque de trait d'union : les après-midis
Espace Henri Grouès Abbé Pierre,,
Association familiale des gens du voyage d’Ile de France (AFGDVIF),,
Restos du Coeur - Centre d’activités de Bobigny,,
Restos du Coeur - Centre d’activités de Clichy-sous-Bois,,
Restos du Coeur - Centre d’activités de Neuilly-Plaisance,,
Restos du Coeur - Centre d’activités de Rosny sous Bois,,
Emmaüs Neuilly-Plaisance,,
Emmaüs en Ville,,
Emmaüs Neuilly-sur-Marne,…etc.,Utilisation incorrecte de '...etc.' qui devrait être remplacé par 'etc.' ou 'et cetera' pour signifier 'et autres'
Emmaüs Neuilly-sur-Marne,Mardi au vendredi,"Manque de trait d'union entre 'Mardi' et 'vendredi' pour indiquer une période, devrait être 'du mardi au vendredi'"
Emmaüs Neuilly-sur-Marne,Mardi au samedi,"Manque de trait d'union entre 'Mardi' et 'samedi' pour indiquer une période, devrait être 'du mardi au samedi'"
Emmaüs Neuilly-sur-Marne,Neuilly-Plaisance,"La boutique est située à Neuilly-sur-Marne selon le début du texte, mais le dépôt est à Neuilly-Plaisance, il faudrait clarifier si c'est intentionnel ou non"
Service Social Municipal de Bagnolet,En plus de la présence d'Assistantes Sociales,"accord de genre : 'assistants sociaux' ou 'assistantes sociales' si tous les assistants sont des femmes, mais 'assistants sociaux' si le groupe est mixte"
Service Social Municipal de Bagnolet,d'écrivains administratifs,erreur de vocabulaire : 'écrivains' -> 'agents administratifs' ou 'personnels administratifs' pour désigner les personnes qui aident pour les démarches administratives
Service social de polyvalence municipal- Bobigny,,
Circonscription de Service Social Départemental de Bondy,,
Circonscription du Service Social Départemental de Montfermeil/ Coubron/ Clichy-sous-Bois. Site de Clichy sous Bois,,
Circonscription de Service Social Départemental de Drancy,,
Circonscription du Service Social Départemental de Dugny/ Le Bourget/ Le Blanc Mesnil. Site du Blanc Mesnil.,,
Circonscription du Service Social Départemental d'Epinay-sur-Seine-Villetaneuse / site d'Epinay sur Seine,,
"Circonscription du Service Social Départemental de Neuilly sur Marne, Neuilly Plaisance, Gagny",,
Circonscription du Service Social Départemental de La Courneuve,,
MAISON DEPARTEMENTALE DES SOLIDARITES Dugny/Le Bourget/ Le Blanc Mesnil. Site du Blanc-Mesnil,,
Circonscription de Service Social Départemental du Pré-Saint-Gervais/ Les Lilas,,
CCAS des Lilas,,
Circonscription du Service Social Départemental de L'Ile-Saint-Denis- Saint Ouen / Site de L'Ile St Denis,,
Circonscription du Service Social Départemental de Pavillons sous Bois / Livry-Gargan /Vaujours. Site de Livry Gargan.,,
Circonscription du Service Social Départemental de Montfermeil /Coubron/Clichy sous Bois. Site de Montfermeil.,,
Circonscription du Service Social Départemental de Montreuil,,
Circonscription du Service Social Départemental de Noisy-le-Sec/ Romainville. Site de Noisy le Sec.,,
Circonscription du Service Social Départemental de Pantin,,
Circonscription du Service Social Départemental des Pavillons-sous-Bois / Livry Gargan/ Vaujours. Site des Pavillons sous Bois,,
Circonscription du Service Social Départemental de Pierreﬁtte-Sur-Seine/Stains. Site de Pierrefitte sur Seine.,,
Circonscription du Service Social Départemental de Noisy le Sec /Romainville. Site de Romainville.,,
Circonscription du Service Social Départemental de Rosny-sous-Bois/Villemomble-Le Raincy . Site de Rosny sous Bois.,,
CSAPA Barbusse,,
Service social de polyvalence municipal - Saint-Denis,habitants de de Saint-Denis,répétition du mot 'de'
Circonscription du Service Social Départemental de Sevran,,
Circonscription du Service Social Départemental de Tremblay-en-France/Villepinte. Site de Tremblay en France.,,
La Maison des femmes de Saint-Denis - Prise en charge des femmes victimes de violences,santé sexuelle et IVG mutilations sexuelles féminines violences,manque de ponctuation pour séparer les éléments de la liste
La Maison des femmes de Saint-Denis - Prise en charge des femmes victimes de violences,CORALIS pour l’accueil en urgence des victimes de viols et d’agressions sexuelles,manque de virgule après 'CORALIS' pour améliorer la lisibilité
La Maison des femmes de Saint-Denis - Prise en charge des femmes victimes de violences,"Les patients peuvent voir un psychologue, un gynécologue et un travailleur social au même endroit","incohérence de genre, 'patientes' est utilisé précédemment, il faudrait utiliser 'Les patientes' pour maintenir la cohérence"
CCAS de Saint-Denis,,
Circonscription du Service Social Départemental deRosny sous Bois/ Villemomble-Le Raincy. Site de Villemomble.,,
Circonscription du Service Social Départemental de'Epinay sur Seine/Villetaneuse. Site de Villetaneuse.,,
Circonscription du Service Social Départemental de Pierrefitte/Stains. Site de Stains.,,
Permanence RESF Le Pré-Saint-Gervais,,
Permanence RESF Les Lilas,les aides,"erreur d'accord : 'les aide' ou 'aide' serait plus approprié, mais le verbe correct est 'aide' au sens 'aider', donc 'aide à' devrait être remplacé par 'aident à' ou 'aide à' devrait être remplacé par 'aide' si le sujet est 'il'"
Permanence RESF Les Lilas,"les jeunes majeurs qui étudient, travaillent et vivent parmi nous sans titre de séjour","pas d'erreur flagrante, mais 'parmi nous' pourrait être remplacé par 'en notre midst' ou simplement 'parmi nous' pourrait être conservé, mais 'en France' pourrait être ajouté pour plus de clarté"
Permanence RESF Les Lilas,celles et ceux,"pas d'erreur, mais 'ceux et celles' est également correct"
Collectif Des Sans Papiers de Livry Gargan,personnes accompagnée,accord de genre : 'personnes accompagnées'
Collectif Des Sans Papiers de Livry Gargan,victimes d'interventions de contrôles d'identités abusifs,accord de genre : 'victimes d'interventions de contrôles d'identités abusives'
Collectif Des Sans Papiers de Livry Gargan,procédures judiciaires complexes et expéditives,"pas d'erreur détectée, mais 'expéditives' pourrait être remplacé par 'expédifiées' pour plus de clarté"
Secours Populaire - Comité d'Aubervilliers,,
Permanence RESF Noisy-le-Sec,,
Permanence d'accès aux droits LDH-RESF - les Marnaudes,les aides,"erreur d'accord : 'les aide' ou 'aide' serait plus approprié, mais le verbe correct est 'aide' au sens 'aider', donc 'aide à' est incorrect, il faut utiliser 'aide' ou 'aident' ou 'aider' selon le contexte, ici 'aide' est un verbe et doit être conjugué en 'aident' pour s'accorder avec 'les familles et les jeunes majeurs', donc 'aident' est la bonne réponse"
Permanence d'accès aux droits LDH-RESF - les Marnaudes,les Marnaudes,"erreur d'accord : manque de l'article défini 'les' avant 'Marnaudes' si c'est un nom de lieu, mais si 'Marnaudes' est un nom propre, alors il faudrait écrire 'du Centre socioculturel des Marnaudes' ou 'du centre socioculturel Marnaudes' selon le contexte"
Secours Populaire - Comité de Bagnolet,,
Secours Populaire - Comité du Blanc-Mesnil,,
Secours Populaire - Comité de Bobigny,,
Secours Populaire - Comité de Pierrefitte,,
APES Edouard Vaillant,,
Secours Populaire - Comité de Romainville,,
Secours Populaire - Comité de Saint-Ouen,,
Association Nénuphar,"des populations et d’origines, de genres et d’âges différents",manque de conjonction de coordination pour relier les éléments de la liste
Association Nénuphar,l’on retrouve,utilisation incorrecte de l’article contracté 'l’on' qui devrait être remplacé par 'on'
Association Nénuphar,"à travers des activités culturelles, ludiques et gastronomiques ainsi que de Savoir et de Réﬂexion",utilisation incorrecte de 'ainsi que de' qui devrait être remplacé par 'ainsi que' pour introduire les activités
Association Nénuphar,des ateliers d'apprentissage du français : en Français Langue Etrangère aux niveaux débutants et intermédiaires,utilisation incorrecte des deux points qui pourraient être remplacés par une virgule pour améliorer la fluidité de la phrase
Association Nénuphar,Ceux-ci sont ouverts aux primo- arrivant,"erreur d'orthographe, 'primo-arrivant' devrait être 'primo-arrivants' pour accord de genre et de nombre"
Association Nénuphar,"L’association œuvre également à la promotion et au développement personnel, social et professionnel des femmes par l’éducation, l’échange et l’entraide, aﬁn de leur donner les clés d’une pleine intégration et d’un épanouissement dans la vie sociale",utilisation incorrecte du mot 'aﬁn' qui devrait être remplacé par 'afin' pour corriger l'orthographe
Secours Populaire - Comité de Sevran,,
Secours Populaire - Comité de Villetaneuse,une participation financiere peut-être demandee,erreur d'orthographe : 'financiere' doit être 'financière' et 'peut-être' doit être 'peut être' pour indiquer la possibilité d'une demande
Secours Populaire - Comité de Villetaneuse,"Permanence d'accueil le lundi, mardi, jeudi et vendredi",erreur de répétition : 'le' est inutile avant 'lundi' car 'lundi' commence déjà par une voyelle
Secours Populaire - Comité de Villepinte,Les permanence,"Erreur d'accord : 'permanence' est un nom féminin, il faut utiliser l'article défini féminin 'la' ou 'les' avec l'accord correct, donc 'Les permanences'"
Secours Populaire - Comité de Villepinte,d'accueil (les inscriptions),"Erreur de formulation : il serait plus clair de séparer les deux informations, par exemple 'Les permanences d'accueil ont lieu le mercredi et vendredi pour les inscriptions'"
Secours Populaire - Comité de Villepinte,le mercredi et vendredi,"Erreur de formulation : il manque un article défini pour le deuxième jour, il faudrait 'le mercredi et le vendredi'"
APJC - Association Pavillonnaise pour la Jeunesse et la Culture,rencontres parents/parents,"erreur de répétition, il faudrait écrire 'rencontres parents-enfants'"
APJC - Association Pavillonnaise pour la Jeunesse et la Culture,activités pour tous.tes,"erreur d'orthographe, il faudrait écrire 'activités pour tous et toutes' ou utiliser le genre neutre 'activités pour tous'"
APJC - Association Pavillonnaise pour la Jeunesse et la Culture,Bar'Ouf,"erreur d'orthographe, il faudrait écrire 'Bar Ouf' ou 'Barouf' si c'est le nom d'un établissement"
ASAFI - Joliot Curie,ASL,"devrait être FSL (Français Signé Langue) ou plus probablement 'français' ou 'langue des signes française', ASL signifie American Sign Language"
ASAFI - Joliot Curie,de la cité Joliot Curie,"devrait être 'du quartier Joliot-Curie', 'cité' n'est pas le bon terme pour désigner un quartier"
Association Solidarité Emploi d'Aubervilliers (ASEA),,
Banque Alimentaire - Villemomble partage,,
Association de la Nouvelle Génération Immigrée (ANGI),,
Association des Femmes Relais et Médiateurs Interculturels d'Aulnay-Sous-Bois - Réseau ANDES,,
Secours Catholique de Saint-Denis,,
Secours Catholique de Dugny,,
Secours Catholique d'Epinay-sur-Seine,,
Secours Catholique de Pantin,un espace convivialité,"erreur d'orthographe, devrait être 'convivialité' remplacé par 'de convivialité' ou simplement 'convivial' pour un nom, mais dans ce contexte, 'un espace de convivialité' serait plus approprié"
Secours Catholique de Saint-Ouen,,
Secours Catholique d'Aulnay - Soutien Scolaire,,
Secours Catholique du Blanc-Mesnil - Paroisse Notre Dame,,
Secours Catholique de Bobigny - accueil social,,
Secours Catholique de Drancy,,
Secours Catholique de Sevran,les lundi,accord de l'article : 'le' au lieu de 'les'
Secours Catholique de Sevran,les samedi,accord de l'article : 'le' au lieu de 'les'
Secours Catholique de Tremblay-En-France,,
Secours Catholique de Villepinte - Accueil Social,,
Secours Catholique de Neuilly-sur-Marne,,
Secours Catholique de Noisy le Grand,ouvre ses portes pour un accueil convivial ouvert à tous,Manque de virgule après 'convivial' pour améliorer la clarté de la phrase
Secours Catholique de Noisy le Grand,"ecoute,accompagnement",Manque d'espace après la virgule
Secours Catholique de Noisy le Grand,aide urgence/financiere,"Utilisation incorrecte du slash, il faudrait utiliser 'aide en cas d'urgence financière'"
Secours Catholique de Noisy le Grand,Noisy le Grand,"Manque de trait d'union, il faudrait écrire 'Noisy-le-Grand' pour être cohérent avec le début du texte"
Secours Catholique de Bondy,à un accueil social,erreur d'accord : 'a' devrait être 'a un' ou 'propose un'
Secours Catholique de Bondy,t proposé,erreur d'orthographe : 't' devrait être 'est proposé' ou 'propose'
Secours Catholique de Bondy,ou une commune limitrophe,erreur d'accord : 'ou' devrait être 'ou à une'
Secours Catholique de Bondy,Toute demande fait l'objet,erreur de conjugaison : 'fait' devrait être 'fait l'objet' est correct mais 'Toute demande' devrait être 'Toutes les demandes' pour un accord
Secours Catholique de Bondy,sauf en période de vacances scolaires,erreur d'orthographe : 'sauf' est correct mais la phrase pourrait être 'hors période' pour plus de clarté
Secours Catholique de Livry-Gargan,,
Secours Catholique de Noisy-le-Sec,,
Equipe Mobile,,
PASS - Hôpital Ville-Evrard,,
Accompagnement Sans Hébergement,êtes humains,erreur d'accord : 'êtres' au lieu de 'êtes'
Accompagnement Sans Hébergement,violences prostitutionnelles,"expression peu claire, peut-être 'violence liée à la prostitution'"
Accompagnement Sans Hébergement,le premier et le troisième vendredi du mois de 11h à 12h,manque de précision sur la période de l'année ou la durée de l'accueil collectif
La Cimade Permanence juridique - Montreuil,,
ASTI - Association de Solidarité avec les Travailleurs Immigrés,,
Mouvement pour la Réinsertion Sociale (mrs93),,
Fontaine à eau,,
Fontaine à eau,,
Toilettes publiques,,
Fontaine à eau,,
Fontaine à eau,,
Toilettes publiques,,
Toilettes publiques,,
Fontaine à eau,,
Fontaine à eau,,
Fontaine à eau,,
Fontaine à eau,,
Fontaine à eau,,
Fontaine à eau,,
Fontaine à eau,,
Toilettes publiques,,
Fontaine à eau,,
Fontaine à eau,,
Fontaine à eau,,
Fontaine à eau,,
Fontaine à eau,,
Fontaine à eau,,
Fontaine à eau,,
Fontaine à eau,,
Fontaine à eau,,
Fontaine à eau,,
Fontaine à eau,,
Fontaine à eau,,
Fontaine à eau,,
Fontaine à eau,,
Fontaine à eau,,
Fontaine à eau,,
Fontaine à eau,,
Fontaine à eau,,
Fontaine à eau,,
Fontaine à eau,,
Toilettes publiques,,
Toilettes publiques,,
Toilettes publiques,,
Toilettes publiques,,
Toilettes publiques,,
Toilettes publiques,,
Toilettes publiques,,
Toilettes publiques,,
Toilettes publiques,,
Toilettes publiques,,
Toilettes publiques,,
Toilettes publiques,,
Toilettes publiques,,
Toilettes publiques,,
Toilettes publiques,,
Fontaine à eau,,
Toilettes publiques,,
Toilettes publiques,,
Toilettes publiques,,
Toilettes publiques,,
Toilettes publiques,,
Toilettes publiques,,
Toilettes publiques,,
Toilettes publiques,,
Toilettes publiques,,
Toilettes publiques,,
Toilettes publiques,,
Toilettes publiques,,
Mission Locale Intercommunale - antenne de Romainville,pouvant bénéficier d’un accompagnement personnalisé par un conseiller,"manque de liaison avec la phrase précédente, une virgule ou un point serait nécessaire pour améliorer la cohésion"
Mission Locale Intercommunale - antenne de Romainville,travailler à l’étrange,"erreur d'orthographe, 'étrange' devrait être remplacé par 'étranger'"
Mission Locale Intercommunale - antenne de Romainville,"de garde d’enfants, etc.","utilisation abusive de 'etc.' qui est généralement utilisé pour éviter une énumération longue, mais ici il est préférable de donner des exemples précis ou de rephraser la phrase pour plus de clarté"
Mission Locale Intercommunale - antenne de Romainville,Accueille les jeunes de Romainville.,"manque de liaison avec le reste du texte, cette phrase semble être une phrase isolée et pourrait être intégrée dans le paragraphe précédent ou précédée d'une transition pour améliorer la cohésion"
Mission Locale Intercommunale - antenne de Bagnolet,pouvant bénéficier d’un accompagnement personnalisé par un conseiller,accord de genre : 'un conseiller' devrait être 'un conseiller ou une conseillère' ou 'des conseillers'
Mission Locale Intercommunale - antenne de Bagnolet,"rechercher un emploi, une formation",virgule de coordination : manque de conjonction de coordination ('et' ou 'ou')
Mission Locale Intercommunale - antenne de Bagnolet,prendre connaissance des modalités pour travailler à l’étranger,aucune erreur détectée dans ce fragment
Mission Locale Intercommunale - antenne de Bagnolet,"être informé en matière de droits à la santé, au logement, de garde d’enfants, etc.","répétition de prépositions : 'en matière de' est répété, utilisez 'aux' pour les droits"
Mission Locale Intercommunale - antenne de Bagnolet,Accueille les jeunes de Bagnolet,majuscule : 'Accueille' devrait être 'accueille'
Mission Locale Intercommunale - antenne de Bagnolet,Fermé le dernier vendredi de chaque mois,conjonction de coordination : manque de conjonction pour relier les deux phrases
Mission Locale Intercommunale - antenne de Noisy-le-Sec,pouvant bénéficier d’un accompagnement personnalisé par un conseiller,manque de virgule après 'conseiller' pour améliorer la lisibilité
Mission Locale Intercommunale - antenne de Noisy-le-Sec,"rechercher un emploi, une formation",manque de conjonction de coordination pour relier les deux éléments de la liste
Mission Locale Intercommunale - antenne de Noisy-le-Sec,prendre connaissance des modalités pour travailler à l’étranger,"pas d'erreur détectée, mais la phrase pourrait être plus concise"
Mission Locale Intercommunale - antenne de Noisy-le-Sec,"être informé en matière de droits à la santé, au logement, de garde d’enfants, etc.","utilisation incorrecte de la virgule après 'santé' et 'logement', préférer 'être informé en matière de droits à la santé, au logement et à la garde d’enfants'"
Mission Locale Intercommunale - antenne de Noisy-le-Sec,Ouvert aux demandeurs d'asile et réfugiés avec autorisation de travailler en France ou Union Européenne,"manque de conjonction de coordination pour relier les deux éléments de la liste, préférer 'Ouvert aux demandeurs d'asile et réfugiés ayant l’autorisation de travailler en France ou dans l’Union européenne'"
Mission Locale Intercommunale - antenne de Noisy-le-Sec,Accueille les jeunes de Noisy-le-Sec,"phrase isolée, manque de contexte ou de lien avec le reste du texte"
Mission Locale Intercommunale - antenne de Villepinte,,
Mission Locale Intercommunale - antenne de Gagny,demandeur,"accord de genre, devrait être 'demandeurs' pour s'accorder avec 'jeunes'"
Mission Locale Intercommunale - antenne de Gagny,Union Européenne,devrait être 'Union européenne' pour respecter les règles d'écriture des noms de organisations
Mission Locale Intercommunale - antenne des Pavillons-Sous-Bois,,
CSAPA Rabelais,,
Atelier de Production,ventes,accord de genre : 'vente'
Atelier de Production, Nous formons et préparons le retour à l’emploi de 170 personnes au travers de 19 métiers différents.,accord de genre : 'Nous formons et préparons les retours à l’emploi de 170 personnes à travers de 19 métiers différents.'
Casiers Solidaires - Croix de Chavaux,7j/7,"Erreur d'abréviation, devrait être 7j/7j ou simplement 24h/24 et 7 jours sur 7"
Casiers Solidaires - Croix de Chavaux,… etc.,"Erreur de ponctuation, les points de suspension ne sont pas nécessaires ici"
Circonscription de Service Social Départemental de L'Ile Saint Denis/ Saint-Ouen. Site de St Ouen,,
Mission Locale de la Marne aux Bois - Neuilly-sur-Marne,,
Antenne du CeGIDD (Bobigny) départemental à Montfermeil,mineur.e.s,accord de genre - utiliser 'mineurs' ou 'mineures' selon le contexte
Antenne du CeGIDD (Bobigny) départemental à Montfermeil,SUR RENDEZ-VOUS,majuscules inutiles - utiliser 'sur rendez-vous'
Antenne du CeGIDD (Bobigny) départemental à Montfermeil,au préalable,pas d'erreur en soi mais la phrase 'Ne vous déplacez pas sans rendez-vous ou sans avoir appelé au préalable' pourrait être simplifiée en 'Ne vous déplacez pas sans rendez-vous préalable'
Antenne du CeGIDD (Bobigny) départemental à Montfermeil,Sida Info Service,manque de lien ou d'information de contact - il serait utile de fournir le lien ou les coordonnées du site internet
Association d'Alphabétisation du Foyer Pinel (La Plaine),,
Association d'Alphabétisation du Foyer Pinel (Cristino Garcia),,
Restos du Coeur - Centre d’activités des Pavillons-sous-Bois,,
Médiathèque Elsa Triolet,,
point-justice du Centre Administratif et Social Fernand Lefort de Saint-Ouen,,
Consultation de Psychiatrie Transculturelle,,
Juris Secours Epinay-sur-Seine,,
Fontaine à eau,,
Toilettes publiques,,
Toilettes publiques,,
Secours Islamique France - Saint-Denis,le mardi après midi,manque de trait d'union : 'le mardi après-midi'
Secours Islamique France - Saint-Denis,le vendredi après midi,manque de trait d'union : 'le vendredi après-midi'
Secours Islamique France - Saint-Denis,le jeudi toute la journée,"manque de préposition : 'le jeudi tout au long de la journée' ou 'le jeudi toute la journée' devrait être 'le jeudi, toute la journée'"
Secours Islamique France - Saint-Denis,"des denrées de qualité (produits frais, fruits et légumes...) à environ 30% de leur valeur marchande","manque de virgule après 'légumes' pour une meilleure lisibilité : 'des denrées de qualité (produits frais, fruits et légumes), à environ 30% de leur valeur marchande'"
Secours Islamique France - Saint-Denis,"les mardis, vendredis, et dimanche","incohérence dans l'utilisation des pluriels et des jours de la semaine : 'les mardis, les vendredis et les dimanches'"
Secours Islamique France - Saint-Denis,le secteur sud ouest de la Seine Saint Denis,manque de trait d'union : 'le secteur sud-ouest de la Seine-Saint-Denis'
Toilettes publiques,,
Toilettes publiques,,
Toilettes publiques,,
Toilettes publiques,,
Fontaine à eau,,
Fontaine à eau,,
PMI Buisson,,
CCAS d'Aubervilliers,Polyvlalence,"erreur d'orthographe, devrait être 'Polyvalence'"
CCAS d'Aubervilliers,sans-abri,devrait être 'sans abri' (sans trait d'union)
CCAS d'Aubervilliers,facture d'énergie,"pas d'erreur en soi, mais 'facture d'électricité, de gaz, d'eau...' serait plus précis"
Fontaine à eau,,
Fontaine à eau,,
Fontaine à eau,,
Fontaine à eau,,
Fontaine à eau,,
Fontaine à eau,,
Fontaine à eau,,
Fontaine à eau,,
Fontaine à eau,,
Fontaine à eau,,
CCAS de Bondy,,
CCAS de Clichy-sous-Bois,,
CCAS de Coubron,,
CCAS de Drancy,Le CCAS est fermés,"Erreur d'accord de verbe : 'est' est au singulier, mais 'fermés' est au pluriel. La phrase devrait être 'Le CCAS est fermé'."
CCAS de Aulnay-Sous-Bois,,
CCAS de Bagnolet,,
CCAS de Bobigny,,
CCAS de Dugny,les personnes âgées et les personnes handicapées,manque de conjonction de coordination pour une liste de plusieurs éléments (ajouter 'et' ou utiliser une virgule pour séparer les éléments de la liste)
CCAS de Dugny,les personnes sans-abri,meilleure formulation : les personnes sans abri
CCAS de Epinay-sur-Seine,Le CCAS de Epinay-sur-Seine,Il manque une préposition 'du' avant 'Epinay-sur-Seine' pour indiquer la possession
CCAS de Epinay-sur-Seine,les personnes non allocataires de la CAF,Il serait plus clair de préciser 'CAF' par 'Caisse d'Allocations Familiales' pour les non-initiés
CCAS de Epinay-sur-Seine,FSÉ­,Le tiret insécable est inutile après 'FSÉ'
CCAS de Epinay-sur-Seine,personnes sans-abri,Il faudrait 'personnes sans abri' pour une meilleure lisibilité et une cohérence orthographique
CCAS de Gagny,,
CCAS de Gournay-sur-Marne,,
CCAS de La Courneuve,,
CCAS du Blanc-Mesnil,les personnes non allocataires de la CAF,"manque de précision, il faudrait préciser ce que signifie CAF (Caisse d'Allocations Familiales)"
CCAS du Blanc-Mesnil,les aides suivantes -Aides alimentaire,"erreur de typographie, il manque un tiret ou un trait d'union avant 'Aides alimentaire'"
CCAS du Blanc-Mesnil,les aides suivantes -Aides financière,"erreur de typographie, il manque un tiret ou un trait d'union avant 'Aides financière'"
CCAS du Blanc-Mesnil,sous conditions de ressources,"formulation un peu vague, il faudrait préciser quelles sont les conditions de ressources"
CCAS du Blanc-Mesnil,personnes sans-abri,il faudrait utiliser le terme 'sans-abri' avec un trait d'union
CCAS du Bourget,,
CCAS de L’Ile Saint Denis,,
CCAS du Raincy,,
CCAS de Les Pavillons-sous-Bois,les personnes âgées et les personnes handicapées Le CCAS,manque de conjonction de coordination ou de ponctuation pour séparer les deux propositions
CCAS de Les Pavillons-sous-Bois,les personnes non allocataires de la CAF,"manque de précision sur ce que signifie CAF, il faudrait écrire 'Caisse d'Allocations Familiales'"
CCAS de Les Pavillons-sous-Bois,carte améthyste,"erreur de vocabulaire, il faudrait écrire 'carte mobilité inclusion' ou préciser ce que signifie 'carte améthyste'"
CCAS de Les Pavillons-sous-Bois,chèques eau Véolia,"erreur de vocabulaire, il faudrait écrire 'chèques eau' ou préciser le contexte"
CCAS de Les Pavillons-sous-Bois,personnes sans-abri,"manque d'hyphénation, il faudrait écrire 'personnes sans-abri' est correct mais il faudrait peut-être préciser 'personnes sans domicile fixe'"
CCAS de Les Pavillons-sous-Bois,Chacun peut se présenter au CCAS où les agents étudieront les demandes au cas par cas,manque de transition pour relier la phrase à la phrase précédente
CCAS de Livry-Gargan,,
CCAS de Montfermeil,,
CCAS de Montreuil,,
CCAS de Neuilly Plaisance,classes transplantée,"erreur d'orthographe, devrait être 'classes transplantées' ou plus probablement 'classes de découverte'"
CCAS de Neuilly Plaisance,les personnes non allocataires de la CAF,"erreur de formulation, devrait être 'les personnes non bénéficiaires de la CAF' ou 'les personnes qui ne touchent pas d'allocation de la CAF'"
CCAS de Neuilly Plaisance,carte améthyste,"erreur d'orthographe, devrait être 'carte mobilité inclusion' ou 'carte d'invalidité' avec une mention spécifique, car 'carte améthyste' n'est pas un terme standardisé"
CCAS de Neuilly Plaisance,sans-abri,"erreur d'orthographe, devrait être 'sans abri'"
CCAS de Neuilly Plaisance,Chacun peut se présenter au CCAS où les agents étudieront les demandes au cas par cas,"formulation un peu abrupte, mais pas d'erreur grammaticale ou orthographique majeure"
CCAS de Neuilly-sur-marne,,
CCAS de Noisy le Grand,séniors,"orthographe incorrecte, devrait être 'sénior' ou 'seniors'"
CCAS de Noisy le Grand,Domiciliation Instruction des demandes d’aides du CCAS,manque de ponctuation pour séparer les deux éléments de la liste
CCAS de Noisy le Grand,Instructions des demandes d’aide FSE et programme Eau solidaire,"orthographe incorrecte, devrait être 'Instruction' au lieu de 'Instructions'"
CCAS de Noisy le Grand,Instruction des demande d’aide sociale à l’hébergement et obligation alimentaire,"accord incorrect, devrait être 'demandes' au lieu de 'demande'"
CCAS de Noisy le Grand,Accompagnement de certains allocataires du RSA dans le cadre d’une convention avec le Département,"pas d'erreur détectée dans cette phrase, mais il manque un point à la fin de la phrase pour terminer le paragraphe"
CCAS de Noisy le Sec,,
CCAS de Pantin,,
CCAS de Pierrefitte-sur-Seine,Chacun chacune,"Répétition inutile, utiliser 'chacun' ou 'chacune' selon le contexte, ou 'chacun et chacune' pour inclure les deux genres"
CCAS de Romainville,les personnes âgées et les personnes handicapées Le CCAS,manque de conjonction de coordination ou de ponctuation pour séparer les deux phrases
CCAS de Romainville,D’autres aides peuvent être demandées en fonction de la commune à laquelle vous êtes rattaché,"manque de ponctuation pour finir la phrase, il faudrait un point"
CCAS de Romainville,Le CCAS propose également sous conditions une domiciliation administrative aux personnes sans-abri,il faudrait préciser les conditions
CCAS de Romainville,Chacun peut se présenter au CCAS où les agents étudieront les demandes au cas par cas,"manque de ponctuation pour finir le texte, il faudrait un point"
CCAS de Rosny-sous-Bois,,
CCAS de Saint-Ouen,,
CCAS de Sevran,,
CCAS de Stains,,
CCAS de Tremblay-en-France,,
CCAS de Vaujours,,
CCAS de Villemomble,les personnes non allocataires de la CAF,"manque de précision, il faudrait préciser que la CAF signifie Caisse d'Allocations Familiales"
CCAS de Villemomble,les personnes sans-abri,il serait préférable d'utiliser le terme 'personnes sans domicile fixe' pour plus de précision
CCAS de Villemomble,le jeudi 13h30 à 17h00,il manque une indication sur les heures d'ouverture le jeudi matin
CCAS de Villemomble,Pendant les vacances scolaires il y a une interruption de 12h00 à 13h30,il faudrait préciser si cette interruption s'applique à tous les jours de la semaine pendant les vacances scolaires
CCAS de Villepinte,les personnes âgées et les personnes handicapées Le CCAS,manque de conjonction de coordination ou de ponctuation pour séparer les deux phrases
CCAS de Villepinte,D’autres aides peuvent être demandées en fonction de la commune à laquelle vous êtes rattaché,accord de verbe : 'rattaché' devrait être 'rattachés' pour s'accorder avec 'vous'
CCAS de Villepinte,Chacun peut se présenter au CCAS où les agents étudieront les demandes au cas par cas,manque de conjonction de coordination ou de ponctuation pour séparer les deux phrases
CCAS de Villetaneuse,,
Médiathèque Saint-John Perse,,
Maison pour Tous Henri Roser,,
La Fabrique de Santé Madeleine Brès,,
Salle de Quartier Quatre Chemins,,
Médiathèque André Breton,,
Salle de quartier Centre-ville,,
Maison Pour Tous Berty Albrecht,,
Permanence RESF Aulnay-sous-Bois / Sevran,,
Permanence RESF Bagnolet,,
Maison de Justice et du Droit de Saint-Denis,,
Maison de quartier Romain Rolland,,
Maison de quartier de La Plaine,,
Secours Catholique - Carrières Plateforme Emploi,,
Centre Municipal de Santé (CMS) Henri Barbusse,,
Centre Municipal de Santé (CMS) Docteur Pesqué,,
Centre Municipal de Santé (CMS) Balagny,,
Centre Municipal de Santé (CMS) Salvador Allende,,
Secours Catholique de La Courneuve,,
Maison de l'Emploi à Pantin,,
Mission Locale de la Dhuys - Livry-Gargan,,
Centre d'accueil pour mineurs non-accompagnés,,
Service Social Municipal de Polyvalence d'Aubervilliers,,
Accueil de jour Wilson,,
Epicerie Solidaire Wicasaya,denrées alimentaires vendues sont à prix réduit,accord : devrait être 'sont' au lieu de 'est' pour s'accorder avec le sujet 'denrées alimentaires'
Epicerie Solidaire Wicasaya,les jours d'ouvertures,orthographe : devrait être 'les jours d'ouverture' pour utiliser le mot correct
Epicerie Solidaire Wicasaya,les adhérents et les habitants du quartier et des villes limitrophes,"répétition : la phrase pourrait être simplifiée en 'les adhérents, les habitants du quartier et des villes limitrophes' pour éviter la répétition de 'les'"
Epicerie Solidaire Wicasaya,etc …,orthographe : devrait être 'etc.' au lieu de 'etc …' pour utiliser le point abréviatif correct
Mission Locale de la Lyr - Les Lilas,La Mission locale de la Lyr aux Lilas,"Manque de trait d'union ou d'espacement entre 'Lyr' et 'aux Lilas' pour indiquer le nom complet de la mission locale, probablement 'La Mission locale de L'Yerres aux Lilas' ou 'La Mission locale d'Yerres aux Lilas'"
Mission Locale de la Lyr - Les Lilas,La Mission locale de la Lyr aux Lilas vous aide à,"Utilisation d'un deux-points sans retrait, il est préférable d'ajouter un espace avant le deux-points"
Mission Locale de la Lyr - Les Lilas,La Mission Locale est à l'intérieur du  Kiosque,"Incohérence dans la casse des lettres pour 'Mission Locale', qui devrait être 'Mission locale' pour respecter la casse utilisée précédemment"
Mission Locale de la Lyr - Les Lilas,La Mission Locale de la Lyr est également présente à  Pantin  et au  Pré-Saint-Gervais,"Même erreur d'incohérence de casse que précédemment, ainsi que potentiellement la même erreur de nom que pour 'La Mission locale de la Lyr aux Lilas'"
Kâlî,,
Bibliothèque Robert-Desnos,,
Permanence de Pimms Médiation - Noisy le Grand Champy,,
point-justice de la Maison du droit de Noisy-le-Grand,,
Bibliothèque de quartier Paul Éluard,,
Bibliothèque de quartier Colonel Fabien,FLE / Alph,"erreur d'abréviation, probablement 'FLE' pour 'Français Langue Étrangère' mais 'Alph' n'est pas clair, peut-être 'Alphabet' ou une erreur de frappe"
Bibliothèque de quartier Colonel Fabien,munissez-vous,"conjugaison, devrait être 'munissez vous' ou 'munissez-vous' avec un trait d'union pour la forme impérative"
Bibliothèque de quartier Colonel Fabien,pour les moins de 18 ans,"accord, devrait être 'pour les mineurs de moins de 18 ans' ou 'pour les moins de 18 ans' est acceptable mais 'mineurs' est plus clair"
Bibliothèque de quartier Daniel Renoult,,
Bibliothèque Denis Diderot,,
Bibliothèque André-Malraux,,
Bibliothèque François Mitterrand,,
Médiathèque Roger Gouhier,une une,Répétition du mot 'une'
Médiathèque Roger Gouhier,et jusqu’à 14 ans et une ludothèque,"Manque de cohésion entre les deux informations, une virgule ou un point serait plus approprié pour séparer les deux idées"
Emmaüs Connect Saint-Denis,,
Agence Locale d'Insertion Aurore (ALI) - Livry-Gargan,,
Centre Municipal de Santé des Lilas,,
Restos du Coeur - Centre d’activités d'Epinay-sur-Seine,,
LAO-POW'HER,,
Wake up Café (WKF),dedans-dehors,"erreur d'orthographe, devrait être 'de l'intérieur vers l'extérieur' ou 'à l'intérieur comme à l'extérieur'"
Wake up Café (WKF),Egalement,"erreur d'orthographe, devrait être 'Également'"
Wake up Café (WKF),WKF,"incohérence, l'acronyme utilisé est 'WKF' alors que le nom complet est 'Wake up Café'"
Wake up Café (WKF),Vis ma vie de sortant de prison,"erreur d'accord, devrait être 'Vis ma vie de sorti de prison' ou 'Vis ma vie en tant que sortant de prison'"
Maison du bébé,en janvier 2015,Répétition de la date déjà mentionnée au début du texte
Maison du bébé,que ceux-ci concernent leur bébé ou eux-même,Erreur d'accord : 'eux-mêmes' au lieu de 'eux-même'
Migrations Santé,,
Emmaüs alternatives - Boutique Montreuil,,
PMI Parat,,
PMI Jean Mermoz,,
PMI Rue des Cités,La PMI Rue des Cité,Erreur d'accord du nom : 'Rue des Cités' au lieu de 'Rue des Cité'
PMI Rue des Cités,psychomotricienne,Erreur de genre ou de forme : 'psychomotrice' ou 'consultations en psychomotricité' serait plus approprié
PMI Charles Tillon,,
PMI Bernard et Mazoyer,,
PMI Lahaye,,
PMI Pierre et Marie Curie,,
PMI Léon Blum,,
PMI Madeleine Brès,,
PMI Croix Rouge - Bagnolet,,
PMI du centre polyvalent de santé Aimé Césaire,,
PMI Oslo,,
PMI Jacqueline de Chambrun,,
PMI Jean Aupest,,
PMI Gros Saule,,
PMI Galion,,
PMI Tourville,,
PMI Croix Nobillon,,
PMI Chêne Pointu,,
PMI Victor Hugo,,
PMI Verdun,,
PMI Pierre Abrioux,,
PMI Orgemont,,
PMI Rue de Paris,,
PMI Justice,,
Restos du Coeur - Centre d’activités de Villetaneuse,,
PMI Henri Barbusse,,
PMI Salengro,,
PMI Saint-Stenay,,
PMI les Acacias,,
PMI du Parc,,
PMI Dugny,,
PMI Gustave Caillebotte,,
PMI 18 juin 1940,,
PMI Commune de Paris,,
PMI de l'Ouest,psychomotricienne,doit être au masculin : psychomotricien
PMI de l'Ouest,SUR RDV,doit être en minuscules : sur RDV
PMI Berthie-Albrecht,,
PMI Jean Jaurès,,
PMI Pierre-Rouques,,
PMI Danton,,
PMI Garde Chasse,,
PMI Paul Verlaine,,
PMI Léo Lagrange,,
PMI Georges Braque,,
PMI Marcel Alizard,,
PMI Division Leclerc,,
PMI Sully,,
PMI Henri Barbusse,,
PMI Berthe Morisot,,
PMI Rue de Paris,,
PMI Sergent Bobillot,,
PMI Henri Wallon,,
PMI Papillons,,
PMI Henri Dunant,,
PMI Pierre Rouques,,
PMI Leonetti,,
PMI Hautes Rives,,
PMI Bauer,,
PMI Rougemont,,
PMI des Découvertes,,
PMI Émile Connoy,,
PMI Sycomores,,
PMI Saint-Denis,,
PMI Gallieni,,
