place_name,texte,score,avg_sentence_length,total_words,total_uncommon_words,uncommon_tokens,passive_sentences,passive_ratio,subordinate_clauses,subordinate_ratio,subordinate_words
Le Refuge de Pantin,"Le Refuge a pour mission d'accueillir, d'héberger, d'accompagner en contribuant au renforcement, pour chacun, de la confiance en soi et de l’aptitude à côtoyer les autres dans la capacité d’agir et de vivre des moments d’apaisement. Le Refuge dispose d'un accueil de jour, d'une pension de famille et et d'un centre d'hébergement d'urgence. L'accueil de jour est ouvert uniquement aux femmes le mardi après-midi.",71.33333333333334,21.0,63,0,[],0,0.0,1,0.3333333333333333,"[""d'""]"
Hors la rue - centre d'appui aux maraudes,"Créé en 2004, Hors la rue est une association qui a pour objectif de repérer et d'accompagner les enfants et adolescents étrangers en danger et de faire respecter leurs droits. Elle propose:- Des maraudes auprès de mineurs en situation de rue et d’errance- Un accompagnement personnalisé et des actions éducatives- Une orientation et un accompagnement vers le droit commun et la protection de l’enfance- Un accueil sur rendez-vous avec l’équipe éducative au centre de jour d’appui aux maraudes situé à Montreuil- De l'art-thérapie et un soutien psychologique ",82.66172839506173,16.2,81,2,"['maraudes', 'maraudes']",1,0.2,0,0.0,[]
CAARUD PROSES Saint-Denis,"Le CAARUD (Centre d’Accueil et d’Accompagnement à la Réduction des Risque pour les Usagers de Drogues) PROSES est un établissement médico-social destiné à accueillir des usagers de drogues dont le but initial est de fournir un accès à du matériel de réduction des risques ainsi que des conseils personnalisés, le tout dans un cadre anonyme confidentiel, et inconditionnel.L'accueil est anonyme, gratuit, et dit “à bas seuil d'exigence” : toutes les personnes adultes et consommatrices des drogues dès 18 ans  peuvent venir quelque soit  leur état physique, psychologique, tenue vestimentaire, orientation sexuelle, origine ethnique,  opinions politiques, appartenance religieuse etc.",35.0,47.5,95,0,[],0,0.0,0,0.0,[]
CAARUD PROSES Montreuil,Le CAARUD (Centre d’Accueil et d’Accompagnement à la Réduction des Risque pour les Usagers de Drogues) PROSES est un établissement médico-social qui accueille de manière inconditionnelle et anonyme des usagers de drogues.Les rendez-vous pour les soins et services médicaux peuvent être pris les mardis et jeudis.,60.0,22.5,45,0,[],1,0.5,0,0.0,[]
CAARUD Yucca,"Le CAARUD Yucca vise à accueillir et accompagner les usagers de drogues dans une démarche de Réduction Des Risques (RDR) liée à leur consommation de produits psychoactifs et leur situation sanitaire et sociale.L'accueil collectif est ouvert lundi, mardi, jeudi et vendredi de 9h30 à 12h45 pour une collation, déjeuner, douche et machine à laver sur inscription.Les mercredis matin et après-midi sont dédiés pour des ateliers pour les femmes Le CAARUD porte aussi le dispositif TAPAJ : Travail alternatif payé à la journée : dispositif de réinsertion socio-professionnel des jeunes entre 18 et 25 ansL'équipe du CAARUD effectue également des maraudes les après-midi ainsi que des interventions auprès de partenaires.",73.31764705882354,20.4,102,3,"['Yucca', 'psychoactifs', 'maraudes']",0,0.0,1,0.2,['déjeuner']
CAARUD Aurore,"Le CAARUD (Centres d'Accueil et d'Accompagnement à la Réduction des Risques pour usagers de Drogues) Aurore est un établissement médico-social qui accueille de manière inconditionnelle et anonyme des usagers de droguesIl accueille, informe et conseille les usagers de drogues notamment pour la réduction des risques de consommation : accès aux droits de santé, accès à l’hygiène et aux soins de première nécessité, orientation, mise à disposition de matériel de prévention des infections, distribution d'antidotes aux overdoses.Une équipe est dédiée au ramassage de seringues et petits matériels dans l'espace urbain ",52.39393939393941,29.333333333333332,88,1,['droguesIl'],1,0.3333333333333333,0,0.0,[]
Toilettes publiques,nan,100.0,1.0,1,0,[],0,0.0,0,0.0,[]
Toilettes publiques,nan,100.0,1.0,1,0,[],0,0.0,0,0.0,[]
CMP Pantin,"Le Centre médico-psychologique (CMP) de Pantin propose des consultations médico-psychologiques et sociales pour toute personne en souffrance psychique. Le CMP est un établissement pluridisciplinaire où vont travailler conjointement des psychiatres, des psychologues, des infirmières, des assistants sociaux et autres intervenants de santé mentale. Le CMP a une double mission de soins et de prévention. Il propose des consultations gratuites (prise en charge par la sécurité sociale) et anonymes.",93.96969696969697,16.5,66,1,['pluridisciplinaire'],0,0.0,0,0.0,[]
Restos du Coeur - Centre d’activités d'Aubervilliers,"Les centres d’activités proposent des aides d'urgence et d'inclusion sociale : accueil, écoute, aide alimentaire, aide matérielle, orientation, accompagnement (soutien à la recherche d’emploi, départs en vacances, ateliers de français, inclusion numérique, distribution alimentaire…).",14.0,33.0,33,0,[],0,0.0,1,1.0,['départs']
Restos du Coeur - Centre d’activités d'Aulnay-sous-Bois,"Les centres d’activités proposent des aides d'urgence et d'inclusion sociale : accueil, écoute, aide alimentaire, aide matérielle, orientation, accompagnement (soutien à la recherche d’emploi, départs en vacances, ateliers de français, inclusion numérique, distribution alimentaire…).",14.0,33.0,33,0,[],0,0.0,1,1.0,['départs']
Restos du Coeur - Centre d’activités de Bondy,"Les centres d’activités proposent des aides d'urgence et d'inclusion sociale : accueil, écoute, aide alimentaire, aide matérielle, orientation, accompagnement (soutien à la recherche d’emploi, départs en vacances, ateliers de français, inclusion numérique, distribution alimentaire…).",14.0,33.0,33,0,[],0,0.0,1,1.0,['départs']
Restos du Coeur - Centre d’activités de Drancy,"Les centres d’activités proposent des aides d'urgence et d'inclusion sociale : accueil, écoute, aide alimentaire, aide matérielle, orientation, accompagnement (soutien à la recherche d’emploi, départs en vacances, ateliers de français, inclusion numérique, distribution alimentaire…).",14.0,33.0,33,0,[],0,0.0,1,1.0,['départs']
Restos du Coeur - Centre d’activités de La Courneuve,"Les centres d’activités proposent des aides d'urgence et d'inclusion sociale : accueil, écoute, aide alimentaire, aide matérielle, orientation, accompagnement (soutien à la recherche d’emploi, départs en vacances, ateliers de français, inclusion numérique, distribution alimentaire…).",14.0,33.0,33,0,[],0,0.0,1,1.0,['départs']
Restos du Coeur - Centre d’activités du Pré-Saint-Gervais,"Les centres d’activités proposent des aides d'urgence et d'inclusion sociale : accueil, écoute, aide alimentaire, aide matérielle, orientation, accompagnement (soutien à la recherche d’emploi, départs en vacances, ateliers de français, inclusion numérique, distribution alimentaire…).  ",14.0,33.0,33,0,[],0,0.0,1,1.0,['départs']
Restos du Coeur - Centre d’activités des Lilas,"Les centres d’activités proposent des aides d'urgence et d'inclusion sociale : accueil, écoute, aide alimentaire, aide matérielle, orientation, accompagnement (soutien à la recherche d’emploi, départs en vacances, ateliers de français, inclusion numérique, distribution alimentaire…).",14.0,33.0,33,0,[],0,0.0,1,1.0,['départs']
Restos du Coeur - Centre d’activités de Noisy-le-Grand,"Les centres d’activités proposent des aides d'urgence et d'inclusion sociale : accueil, écoute, aide alimentaire, aide matérielle, orientation, accompagnement (soutien à la recherche d’emploi, départs en vacances, ateliers de français, inclusion numérique, distribution alimentaire…).",14.0,33.0,33,0,[],0,0.0,1,1.0,['départs']
Restos du Coeur - Centre d’activités de Noisy-le-Sec,"Les centres d’activités proposent des aides d'urgence et d'inclusion sociale : accueil, écoute, aide alimentaire, aide matérielle, orientation, accompagnement (soutien à la recherche d’emploi, départs en vacances, ateliers de français, inclusion numérique, distribution alimentaire…).",14.0,33.0,33,0,[],0,0.0,1,1.0,['départs']
Restos du Coeur - Centre d’activités de Pantin,"Les centres d’activités proposent des aides d'urgence et d'inclusion sociale : accueil, écoute, aide alimentaire, aide matérielle, orientation, accompagnement (soutien à la recherche d’emploi, départs en vacances, ateliers de français, inclusion numérique, distribution alimentaire…).   ",14.0,33.0,33,0,[],0,0.0,1,1.0,['départs']
Restos du Coeur - Centre d’activités de Pierrefitte,"Les centres d’activités proposent des aides d'urgence et d'inclusion sociale : accueil, écoute, aide alimentaire, aide matérielle, orientation, accompagnement (soutien à la recherche d’emploi, départs en vacances, ateliers de français, inclusion numérique, distribution alimentaire…).",14.0,33.0,33,0,[],0,0.0,1,1.0,['départs']
Restos du Coeur - Centre d’activités de Saint-Denis,"Les centres d’activités proposent des aides d'urgence et d'inclusion sociale : accueil, écoute, aide alimentaire, aide matérielle, orientation, accompagnement (soutien à la recherche d’emploi, départs en vacances, ateliers de français, inclusion numérique, distribution alimentaire…).",14.0,33.0,33,0,[],0,0.0,1,1.0,['départs']
Restos du Coeur - Centre d’activités de Saint-Ouen,"Les centres d’activités proposent des aides d'urgence et d'inclusion sociale : accueil, écoute, aide alimentaire, aide matérielle, orientation, accompagnement (soutien à la recherche d’emploi, départs en vacances, ateliers de français, inclusion numérique, distribution alimentaire…).   ",14.0,33.0,33,0,[],0,0.0,1,1.0,['départs']
Restos du Coeur - Centre d’activités de Stains,"Les centres d’activités proposent des aides d'urgence et d'inclusion sociale : accueil, écoute, aide alimentaire, aide matérielle, orientation, accompagnement (soutien à la recherche d’emploi, départs en vacances, ateliers de français, inclusion numérique, distribution alimentaire…).",14.0,33.0,33,0,[],0,0.0,1,1.0,['départs']
Restos du Coeur - Centre d’activités de Tremblay-en-France,"Les centres d’activités proposent des aides d'urgence et d'inclusion sociale : accueil, écoute, aide alimentaire, aide matérielle, orientation, accompagnement (soutien à la recherche d’emploi, départs en vacances, ateliers de français, inclusion numérique, distribution alimentaire…).",14.0,33.0,33,0,[],0,0.0,1,1.0,['départs']
Restos du Coeur - Centre d’activités de Villepinte,"Les centres d’activités proposent des aides d'urgence et d'inclusion sociale : accueil, écoute, aide alimentaire, aide matérielle, orientation, accompagnement (soutien à la recherche d’emploi, départs en vacances, ateliers de français, inclusion numérique, distribution alimentaire…). ",14.0,33.0,33,0,[],0,0.0,1,1.0,['départs']
Le Pôle Social,"Le Pôle Social est un espace solidaire où les habitants d'Epinay-sur-Seine en difficulté ou démunis peuvent trouver aide et informations.Il regroupe notamment une l'épicerie sociale et solidaire Le P'tit Marché, un Point Hygiène et différentes permanences.Le centre distribution des Restos du Coeur et le Secours Catholique y sont également présents.Des conseils et une écoute pour les personnes en situation d'addiction (alcool, drogues, cyberdépendance, jeux...) et leurs proches sont aussi organisées par l'association EDVO grâce à son ""point écoute"". Pour prendre un rendez-vous, contacter l'association au 01 34 28 64 50.",83.27441860465116,17.2,86,1,['cyberdépendance'],1,0.2,0,0.0,[]
Restos du Coeur - Centre d’activités du Bourget,"Les centres d’activités proposent des aides d'urgence et d'inclusion sociale : accueil, écoute, aide alimentaire, aide matérielle, orientation, accompagnement (soutien à la recherche d’emploi, départs en vacances, ateliers de français, inclusion numérique, distribution alimentaire…).",14.0,33.0,33,0,[],0,0.0,1,1.0,['départs']
Restos du Coeur - Centre d’activités de Neuilly-sur-Marne,"Les centres d’activités proposent des aides d'urgence et d'inclusion sociale : accueil, écoute, aide alimentaire, aide matérielle, orientation, accompagnement (soutien à la recherche d’emploi, départs en vacances, ateliers de français, inclusion numérique, distribution alimentaire…)",14.0,33.0,33,0,[],0,0.0,1,1.0,['départs']
Restos du Coeur - Centre d’activités de Montreuil,"Les centres d’activités proposent des aides d'urgence et d'inclusion sociale : accueil, écoute, aide alimentaire, aide matérielle, orientation, accompagnement (soutien à la recherche d’emploi, départs en vacances, ateliers de français, inclusion numérique, distribution alimentaire…).",14.0,33.0,33,0,[],0,0.0,1,1.0,['départs']
Restos du Coeur - Centre d’activités de Sevran,"Les centres d’activités proposent des aides d'urgence et d'inclusion sociale : accueil, écoute, aide alimentaire, aide matérielle, orientation, accompagnement (soutien à la recherche d’emploi, départs en vacances, ateliers de français, inclusion numérique, distribution alimentaire…).",14.0,33.0,33,0,[],0,0.0,1,1.0,['départs']
Association Speranza,L'association Speranza dispose d'une épicerie sociale ouverte du lundi au vendredi. L'accès à l'épicerie est réservée aux adhérents.,63.888888888888886,9.0,18,1,['Speranza'],1,0.5,0,0.0,[]
Boutique Coup de Main - Pantin,"La Boutique Coup de Main de Pantin est une boutique solidaire accessible à tous qui vend des meubles, des vêtements et de la vaisselle à des prix solidaires. Les objets sont récupérés et vendus sous la forme d'un chantier d'insertion.",65.0,20.0,40,0,[],1,0.5,0,0.0,[]
Boutique Coup de Main - Bagnolet,"La Boutique Coup de Main de Bagnolet est une boutique solidaire accessible à tous qui vend des meubles, des vêtements et de la vaisselle à des prix solidaires. Les objets sont récupérés et vendus sous la forme d'un chantier d'insertion.",60.0,20.0,40,1,['Bagnolet'],1,0.5,0,0.0,[]
Habitat-Cité,L'association Habitat-Cité propose des permanences juridiques uniquement sur RDV sur un certain nombre de thématiques ainsi que des cours de français langue étrangère. L'association emploie du personnel russophone et roumanophone.,86.09677419354838,15.5,31,2,"['russophone', 'roumanophone']",0,0.0,0,0.0,[]
Association Ikambere « La Maison Accueillante »,"Ikambere est un centre de ressources qui permet aux femmes vulnérables infectées par le VIH d'accéder à l'autonomie par une insertion sociale et professionnelle.Ikambere apporte au quotidien une prise en charge globale aux femmes fragilisées par la vie et la maladie et les accompagne vers l'autonomie.Les activités proposées sont destinées aux bénéficiaires de l'association (femmes touchées par le VIH).L'accueil est ouvert jusqu'à 18h, mais les professionnels et les services ne sont ouverts que jusqu'à 17h.",55.333333333333336,25.0,75,3,"['Ikambere', 'Ikambere', 'fragilisées']",1,0.3333333333333333,0,0.0,[]
SPADA 93,"La Plateforme d’Accueil des Demandeurs d’Asile (SPADA) est le passage obligatoire pour obtenir un rendez-vous avec la préfecture et l’OFII (Guichet Unique: GUDA), afin de déposer une demande d’asile sur le département de la Seine Saint DenisC’est un lieu d’accueil, d’information, de conseil, d’orientation et d’accès aux droits pour les demandeurs d’asileAttention, si vous venez d’arriver à Paris ou sa région et que souhaitez demander l’asile en France, vous devez maintenant composer ce numéro de téléphone gratuit : 01 42 50 09 00.",60.035087719298254,25.333333333333332,76,1,['asileAttention'],0,0.0,1,0.3333333333333333,['si']
Mission Locale d'Aubervilliers / AISPJA,"Modalités d’inscription : Pour vous inscrire, merci de vous munir d’une pièce d’identité en cours de validité (carte d’identité, titre de séjour, passeport) et d’un justificatif de domicile.N.B. : Pour les personnes hébergées ou celles dont l’adresse sur Aubervilliers ne figure pas sur la pièce d’identité, un justificatif de domicile de moins de trois mois (quittance de loyer, facture EDF...) ainsi qu’un certificat d’hébergement, le cas échéant, seront demandés.",68.51492537313433,16.75,67,1,['quittance'],1,0.25,1,0.25,['facture']
Mission Locale La Lyr - Bobigny,"La Mission locale accueille les jeunes de Bobigny de 16 à 25 ans ayant quitté le système scolaire pouvant bénéficier d’un accompagnement personnalisé par un conseiller  La Mission locale vous aide à - définir un projet professionnel- rechercher un emploi, une formation- prendre connaissance des modalités pour travailler à l’étranger - être informé en matière de droits à la santé, au logement, de garde d’enfants, etc. ",46.0,29.5,59,0,[],1,0.5,0,0.0,[]
SOS Victimes 93 - Point d'accès aux droits,"Sos Victimes 93 Aide et accompagne les victimes d’infraction pénale (violence volontaire, escroquerie, accident de la circulation…). La structure propose des permanences juridiques et un soutien psychologique aux victimes à son siège et dans une vingtaine de lieux du département.La prise de rendez-vous par téléphone est obligatoire (sauf pour la permanence juridique au Tribunal Judiciaire de Bobigny, du lundi au vendredi de 13h-17h30).",99.5,15.25,61,0,[],0,0.0,0,0.0,[]
Mission Locale Paris Terres d'Envol - Antenne du Blanc-Mesnil,"La Mission locale accueille les jeunes de 16 à 25 ans ayant quitté le système scolaire pouvant bénéficier d’un accompagnement personnalisé par un conseiller.  La Mission locale vous aide à :- définir un projet professionnel- rechercher un emploi, une formation - prendre connaissance des modalités pour travailler à l’étranger- être informé en matière de droits à la santé, au logement, de garde d’enfants, etc. Accueil ouvert du lundi au vendredi mais les conseillers sont présents uniquement du lundi au jeudi. ",81.0,18.25,73,0,[],1,0.25,0,0.0,[]
Mission Locale Paris Terres d'Envol - Antenne de Drancy,"La Mission locale accueille les jeunes de 16 à 25 ans ayant quitté le système scolaire pouvant bénéficier d’un accompagnement personnalisé par un conseiller.La Mission locale vous aide à :- définir un projet professionnel- rechercher un emploi, une formation- prendre connaissance des modalités pour travailler à l’étrange - être informé en matière de droits à la santé, au logement, de garde d’enfants, etc.",87.5,14.25,57,0,[],1,0.25,0,0.0,[]
PASS - GHI Montfermeil,"La PASS (Permanence d'Accès aux Soins de Santé) du GHI Le Raincy/Montfermeil propose un accueil inconditionnel et un accompagnement des personnes ayant besoin de soins mais n’y ayant pas accès, du fait de l’absence de protection sociale, de leurs conditions de vie, ou de leurs difficultés financières.Bénéficie de la PASS toute personne se présentant à la PASS avec un problème de santé et une difficulté sociale :Une rupture de lien social, isolement L’absence de logement stable ou logement précaireProblème(s) de la couverture socialeLa difficulté d’accès ou de recours aux soinsLes bénéficiaires de la PASS ont accès à :Des consultations de médecine spécialisé Accompagnement social et aide à l’ouverture de droits à l’assurance maladiePossibilité de remise de médicaments sur ordonnance médical Accès au plateau technique de l'hôpital (prise de sang…)  ",57.30769230769231,32.5,130,5,"['Raincy', 'Montfermeil', 'socialeLa', 'soinsLes', 'maladiePossibilité']",0,0.0,0,0.0,[]
La Place Santé,"La Coopérative Communautaire Santé Bien-Être propose des actions de promotion de la santé et un travail de médiation en santé avec les habitants du quartier (aides aux démarches et accès aux droits). La coopérative porte un centre de santé, La Place Santé, avec des médecins généralistes, des médiatrice·teurs en santé, une infirmière en pratique avancée et une psychologue.Service de médecine générale saturé : pas de nouveaux patients acceptés sauf habitant·es du quartier Franc-Moisins/Bel-Air.Pour les consultations médicales, se renseigner auprès du secrétariat médical : 01.48.09.09.17Pour les activités collectives, se renseigner à l’accueil ou auprès des médiatrices : 01.48.09.09.01 ",88.14468085106384,18.8,94,2,"['Moisins', 'médiatrices']",0,0.0,0,0.0,[]
Mission Locale Intercommunale - antenne de Bondy,"La Mission locale accueille les jeunes de 16 à 25 ans ayant quitté le système scolaire pouvant bénéficier d’un accompagnement personnalisé par un conseiller La Mission locale vous aide à :- définir un projet professionnel - rechercher un emploi, une formation- prendre connaissance des modalités pour travailler à l’étranger- être informé en matière de droits à la santé, au logement, de garde d’enfants, etc. Accueille les jeunes de Bondy.",86.5,15.5,62,0,[],1,0.25,0,0.0,[]
point-justice du Pré Saint-Gervais,"Le point-justice du Pré Saint-Gervais est un service juridique de proximité qui peut être sollicité en dehors de tout procès ou bien avant, pendant ou après un procès. C’est un lieu d’accueil, d’orientation et d’information sur les droits et obligations dans de nombreux domaines de droit (famille, pénal, travail, étranger, etc.).Le point-justice permet à chaque personne, quels que soient ses revenus, son lieu de vie, son âge, son sexe, sa nationalité, etc. de :connaître ses droits, ses devoirs et obligations ;être informée sur les moyens de les faire valoir ;être orientée vers les structures adaptées ; être aidée à accomplir des démarches ; être informée sur la médiation ; être mise en relation avec un conciliateur de justice.Les permanences des professionnels du droit ou des associations qui s’y déroulent sont gratuites, confidentielles et accessibles à tous. Elles sont généralement accessibles sur rendez-vous qui est fixé par l’agent d’accueil du point-justice après analyse de la difficulté rencontrée.",72.47058823529412,17.0,153,1,['conciliateur'],4,0.4444444444444444,0,0.0,[]
Mission Locale CODE - antenne d'Épinay-sur-Seine,"La Mission Locale accueille les jeunes de 16 à 25 ans ayant quitté le système scolaire pouvant bénéficier d’un accompagnement personnalisé par un conseiller.  La Mission Locale vous aide à :Définir un projet professionnel Rechercher un emploi, une formationPrendre connaissance des modalités pour travailler à l’étranger Être informé en matière de droits à la santé, au logement, de garde d’enfants, etc  ",42.610169491525426,29.5,59,1,['formationPrendre'],1,0.5,0,0.0,[]
Mission Locale CODE- antenne de Saint-Ouen-sur-Seine,"La Mission Locale accueille les jeunes de 16 à 25 ans ayant quitté le système scolaire pouvant bénéficier d’un accompagnement personnalisé par un conseiller.  La Mission Locale vous aide à :Définir un projet professionnel Rechercher un emploi, une formationPrendre connaissance des modalités pour travailler à l’étranger Être informé en matière de droits à la santé, au logement, de garde d’enfants, etc  ",42.610169491525426,29.5,59,1,['formationPrendre'],1,0.5,0,0.0,[]
PASS - Hôpital Avicenne,"La PASS (Permanence d'Accès aux Soins de Santé) de l'Hôpital Avicenne propose un accueil inconditionnel et un accompagnement des personnes ayant besoin de soins mais n’y ayant pas accès, du fait de l’absence de protection sociale, de leurs conditions de vie, ou de leurs difficultés financièresLa PASS de l'Hôpital Avicenne donne accès à des consultations de médecine générale, la délivrance de traitement, la réalisation d’examens complémentaires et à un accompagnement social pour l’obtention des droits.",0.0,75.0,75,3,"['Avicenne', 'financièresLa', 'Avicenne']",0,0.0,0,0.0,[]
Mission Locale CODE - antenne de Villetaneuse,"La Mission Locale accueille les jeunes de 16 à 25 ans ayant quitté le système scolaire pouvant bénéficier d’un accompagnement personnalisé par un conseiller.La Mission Locale vous aide à :définir un projet professionnelrechercher un emploi, une formationprendre connaissance des modalités pour travailler à l’étrangerêtre informé en matière de droits à la santé, au logement, de garde d’enfants, etc Ouvert aux demandeurs d'asile et réfugiés avec autorisation de travailler en France ou Union Européenne.",24.66666666666667,36.0,72,3,"['professionnelrechercher', 'formationprendre', 'étrangerêtre']",1,0.5,0,0.0,[]
PASS - Hôpital Jean Verdier,"La PASS (Permanence d'Accès aux Soins de Santé) de l'Hôpital Jean Verdier propose un accueil inconditionnel et un accompagnement des personnes ayant besoin de soins mais n’y ayant pas accès, du fait de l’absence de protection sociale, de leurs conditions de vie, ou de leurs difficultés financières.La PASS de l'Hôpital Jean Verdier donne  accès, après examen de la situation des personnes et notamment de l'ouverture de droits de santé, à des consultations de médecine générale. Polyclinique : consultations sur RDV du lundi au vendrediService social : 01 48 02 62 88 ",82.79411764705883,21.25,85,2,"['Polyclinique', 'vendrediService']",0,0.0,0,0.0,[]
point-justice de Livry-Gargan,"Le point-justice de Livry-Gargan est un service juridique de proximité qui peut être sollicité en dehors de tout procès ou bien avant, pendant ou après un procès. C’est un lieu d’accueil, d’orientation et d’information sur les droits et obligations dans de nombreux domaines de droit (famille, pénal, travail, étranger, etc.).Le point-justice permet à chaque personne, quels que soient ses revenus, son lieu de vie, son âge, son sexe, sa nationalité, etc. de : connaître ses droits, ses devoirs et obligations ;être informée sur les moyens de les faire valoir ;être orientée vers les structures adaptées ;être aidée à accomplir des démarches ;être informée sur la médiation ;être mise en relation avec un conciliateur de justice.Les permanences des professionnels du droit ou des associations qui s’y déroulent sont gratuites, confidentielles et accessibles à tous. Elles sont généralement accessibles sur rendez-vous qui est fixé par l’agent d’accueil du point-justice après analyse de la difficulté rencontrée.",68.83116883116884,14.0,154,3,"['Livry', 'Gargan', 'conciliateur']",6,0.5454545454545454,0,0.0,[]
Mission Locale de La Courneuve,"Modalités d’inscription : Pour vous inscrire, merci de vous munir d’une pièce d’identité en cours de validité (carte d’identité, titre de séjour, passeport) et d’un justificatif de domicile.N.B. : Pour les personnes hébergées ou celles dont l’adresse sur La Courneuve ne figure pas sur la pièce d’identité, un justificatif de domicile de moins de trois mois (quittance de loyer, facture EDF...) ainsi qu’un certificat d’hébergement, le cas échéant, seront demandés.",65.11764705882354,17.0,68,2,"['Courneuve', 'quittance']",1,0.25,1,0.25,['facture']
PASS - CHI Robert Ballanger,"La PASS (Permanence d'Accès aux Soins de Santé) du CHI Robert Ballanger propose un accueil inconditionnel et un accompagnement des personnes ayant besoin de soins mais n’y ayant pas accès, du fait de l’absence de protection sociale, de leurs conditions de vie, ou de leurs difficultés financières.Bénéficie de la PASS toute personne se présentant à la PASS avec un problème de santé urgent ET au minimum un des critères suivants:La rupture du lien socialL’absence de logement stable ou logement précaireProblème(s) de la couverture social La difficulté d’accès ou de recours aux soinsLes bénéficiaires de la PASS ont accès à :Des consultations de médecine spécialisé Accompagnement social et aide à l’ouverture de droits à l’assurance maladiePossibilité de remise de médicaments sur ordonnance médical Prises de sang",89.23809523809524,18.0,126,3,"['Ballanger', 'soinsLes', 'maladiePossibilité']",0,0.0,0,0.0,[]
Mission Locale de la Dhuys - Clichy-sous-Bois,"La Mission locale de la Dhuys accueille les jeunes de 16 à 25 ans ayant quitté le système scolaire pouvant bénéficier d’un accompagnement personnalisé par un conseiller La Mission locale de la Dhuys vous aide à  : - définir un projet professionnel- rechercher un emploi, une formation- prendre connaissance des modalités pour travailler à l’étranger- être informé en matière de droits à la santé, au logement, de garde d’enfants, etc. Les pièces à fournir : Une pièce d’identité (carte d’identité, passeport) ou un titre de séjour en cours de validitéVotre carte Vitale ou votre numéro de Sécurité social Un CV si vous en avez un",86.60714285714286,13.714285714285714,96,3,"['Dhuys', 'Dhuys', 'validitéVotre']",1,0.14285714285714285,0,0.0,[]
point-justice de Drancy,"Le point-justice de Drancy est un service juridique de proximité qui peut être sollicité en dehors de tout procès ou bien avant, pendant ou après un procès. C’est un lieu d’accueil, d’orientation et d’information sur les droits et obligations dans de nombreux domaines de droit (famille, pénal, travail, étranger, etc.).Le point-justice permet à chaque personne, quels que soient ses revenus, son lieu de vie, son âge, son sexe, sa nationalité, etc. de :connaître ses droits, ses devoirs et obligations ;être informée sur les moyens de les faire valoir ;être orientée vers les structures adaptées ;être aidée à accomplir des démarches ;être informée sur la médiation ;être mise en relation avec un conciliateur de justice.Les permanences des professionnels du droit ou des associations qui s’y déroulent sont gratuites, confidentielles et accessibles à tous. Elles sont généralement accessibles sur rendez-vous qui est fixé par l’agent d’accueil du point-justice après analyse de la difficulté rencontrée.",68.09281045751635,15.3,153,1,['conciliateur'],6,0.6,0,0.0,[]
PASS - Centre hospitalier de Saint-Denis Delafontaine,"La PASS  (Permanence d'Accès aux Soins de Santé) du Centre Hospitalier de Saint-Denis propose un accueil inconditionnel et un accompagnement des personnes ayant besoin de soins mais n’y ayant pas accès, du fait de l’absence de protection sociale, de leurs conditions de vie, ou de leurs difficultés financières.La PASS du Centre Hospitalier de Saint-Denis donne accès à des consultations de médecine générale et de médecine spécialisée (pédiatrie, stomatologie, ORL, ophtalmologie, neurologie, rhumatologie, gastro-entérologie, maladies infectieuses et tropicales), de dentaire et de PMI (consultation avec une sage-femme). Comment fonctionne la PASS :-Prenez rendez-vous auprès de la cellule des rendez-vous centralisés des consultations externes dans la spécialité concernée : 01 42 35 61 40-Le jour de votre consultation, présentez-vous deux heures avant votre rendez-vous au service social pour effectuer les démarches nécessaires à votre prise en charge-Présentez-vous à votre consultation à l’horaire fixé",44.36641221374046,32.75,131,5,"['stomatologie', 'ophtalmologie', 'neurologie', 'rhumatologie', 'centralisés']",0,0.0,1,0.25,['de']
Mission Locale Intercommunale - antenne de Montreuil,"La Mission locale accueille les jeunes de 16 à 25 ans ayant quitté le système scolaire pouvant bénéficier d’un accompagnement personnalisé par un conseiller La Mission locale vous aide à :- définir un projet professionnel- rechercher un emploi, une formation- prendre connaissance des modalités pour travailler à l’étranger - être informé en matière de droits à la santé, au logement, de garde d’enfants, etc.",75.33333333333334,19.0,57,0,[],1,0.3333333333333333,0,0.0,[]
Maison des services publics de Montfermeil,"Un lieu d'accueil et d'information pour simplifier vos démarches, améliorer l'accès, l'écoute et le dialogue avec les services publics.   Plusieurs services publics (Mairie, Sous-Préfecture, CPAM, CAF...) y effectuent des permanences ainsi que plusieurs associations (ARIFA, CDAD, ADIL 93, CIDFF 93...)",66.66666666666667,12.333333333333334,37,0,[],0,0.0,2,0.6666666666666666,"['améliorer', 'ADIL']"
Mission Locale de la Lyr - Pantin,"La Mission locale de la Lyr à Pantin accueille les jeunes de Pantin de 16 à 25 ans ayant quitté le système scolaire pouvant bénéficier d’un accompagnement personnalisé par un conseiller  La Mission locale de la Lyr vous aide à - définir un projet professionnel - rechercher un emploi, une formation - prendre connaissance des modalités pour travailler à l’étranger - être informé en matière de droits à la santé, au logement, de garde d’enfants, etc. La Mission Locale de la Lyr est à l'intérieur de la Maison de l'Emploi de Pantin ",78.94117647058823,17.0,85,3,"['Lyr', 'Lyr', 'Lyr']",1,0.2,0,0.0,[]
Mission Locale de la Marne aux Bois - Rosny,"La Mission locale accueille les jeunes de 16 à 25 ans ayant quitté le système scolaire pouvant bénéficier d’un accompagnement personnalisé par un conseiller.  La Mission locale vous aide à - définir un projet professionnel- rechercher un emploi, une formation- prendre connaissance des modalités pour travailler à l’étranger- être informé en matière de droits à la santé, au logement, de garde d’enfants, etc.  Admission : - Pièce d'identité ou Carte de Séjour",91.66666666666667,10.5,63,0,[],1,0.16666666666666666,0,0.0,[]
point-justice de Montreuil Centre-Ville,"Le point-justice de Montreuil Centre-Ville est un service juridique de proximité qui peut être sollicité en dehors de tout procès ou bien avant, pendant ou après un procès. C’est un lieu d’accueil, d’orientation et d’information sur les droits et obligations dans de nombreux domaines de droit (famille, pénal, travail, étranger, etc.).Le point-justice permet à chaque personne, quels que soient ses revenus, son lieu de vie, son âge, son sexe, sa nationalité, etc. de : connaître ses droits, ses devoirs et obligations ; être informée sur les moyens de les faire valoir ;être orientée vers les structures adaptées ;être aidée à accomplir des démarches ;être informée sur la médiation ;être mise en relation avec un conciliateur de justice.Les permanences des professionnels du droit ou des associations qui s’y déroulent sont gratuites, confidentielles et accessibles à tous. Elles sont généralement accessibles sur rendez-vous qui est fixé par l’agent d’accueil du point-justice après analyse de la difficulté rencontrée.",71.43695014662757,14.090909090909092,155,1,['conciliateur'],6,0.5454545454545454,0,0.0,[]
Mission Locale CODE - antenne de Pierreﬁtte,"La Mission Locale accueille les jeunes de 16 à 25 ans ayant quitté le système scolaire pouvant bénéficier d’un accompagnement personnalisé par un conseiller. La Mission Locale vous aide à :Définir un projet professionnelRechercher un emploi, une formation Prendre connaissance des modalités pour travailler à l’étranger Être informé en matière de droits à la santé, au logement, de garde d’enfants, etc. ",43.55172413793103,29.0,58,1,['professionnelRechercher'],1,0.5,0,0.0,[]
Mission Locale CODE - Saint-Denis (Siège),"La Mission Locale accueille les jeunes de 16 à 25 ans ayant quitté le système scolaire pouvant bénéficier d’un accompagnement personnalisé par un conseiller. La Mission Locale vous aide à :Définir un projet professionnelRechercher un emploi, une formation Prendre connaissance des modalités pour travailler à l’étranger Être informé en matière de droits à la santé, au logement, de garde d’enfants, etc. ",43.55172413793103,29.0,58,1,['professionnelRechercher'],1,0.5,0,0.0,[]
Bureau d'accompagnement vers l'emploi,Le Bureau d'Accompagnement Individualisé vers l'Emploi (BAIE) du CIDFF 93 est un Service agréé par le Ministère des Droits des Femmes qui a pour objectif d'accompagner les femmes de Seine-Saint-Denis dans leur recherche de formation et/ou d'emploi. Élaboration du projet professionnelRecherche de formationValorisation du parcours réalisé en France ou à l'étrangerCréation des outils de recherche d'emploiSimulations d'entretiensUniquement sur rendez-vous.,0.0,57.0,57,6,"['Individualisé', 'professionnelRecherche', 'formationValorisation', 'étrangerCréation', 'emploiSimulations', 'entretiensUniquement']",0,0.0,0,0.0,[]
Planning Familial 93,"Le M.F.P.F 93 est une association féministe d'éducation populaire qui lutte depuis 1972 pour créer les conditions d'une sexualité vécue sans répression ni dépendance. Il défend le droit à l'avortement et à la contraception, lutte contre les violences spéciﬁques faites aux femmes.Accompagnement de personnes victimes de violences. Formations. . Sensibilisation, information. Confidentialité. Consultation IVG – contraceptionTypes de violences :- Violences au sein du couple- Violences intra-familiales- Violences sexuelles (viols, agressions sexuelles, inceste…)",92.37762237762237,5.909090909090909,65,1,['contraceptionTypes'],1,0.09090909090909091,0,0.0,[]
SOS Femmes 93  - Lieu d'Accueil et d'Orientation,"Lieu d’Accueil et d’Orientation pour les femmes victimes de violences conjugales originaires de la Seine-Saint-Denis avec ou sans enfants.La structure propose: accueil spécialisé, écoute, conseil, soutien, information, permanence juridique. Un accueil collectif sans rendez-vous est ouvert le lundi de 17h à 20h et les mardi, mercredi et jeudi de 10h à 13h (vous pouvez venir seule ou avec vos enfants).Les après midi de 14h à 17h30 sont consacrés aux rendez-vous individuel. Le service est ouvert le vendredi pour les rendez-vous individuels et réservé aux ateliers collectifs sur inscriptions.Le numéro de téléphone (0148486227) est celui de la permanence téléphonique : qui dispense une écoute confidentielle et anonyme, du lundi au vendredi de 14h à 17h.",69.6,20.2,101,0,[],2,0.4,0,0.0,[]
CSAPA Docteur Pesqué,"Le CSAPA Docteur Pesqué est un centre d’addictologie intégré au Centre municipal de santé  d'Aubervilliers.Le centre accueille, informe, oriente et accompagne les personnes de tous âges pour toutes les problématiques  d'addiction avec ou sans produit. Des consultations sont également ouvertes à l’entourageLes consultations ont lieu au CMS sur rendez vous uniquement.",83.79487179487181,17.333333333333332,52,3,"['Pesqué', 'addictologie', 'entourageLes']",0,0.0,0,0.0,[]
Secours Populaire - Comité de Drancy,"Le Secours populaire français intervient dans les domaines de l’aide alimentaire, vestimentaire, de l’accès et du maintien dans le logement, de l’accès aux soins, de l’insertion socioprofessionnelle, de l’accès à la culture et plus généralement de l’accès aux droits pour tous. Permanence d'accueil au 9 cité la Muette : mercredi et jeudi. ",76.0,25.0,50,1,['socioprofessionnelle'],0,0.0,0,0.0,[]
CSAPA Balagny,"Le CSAPA Balagny est un Centre de Soins, d’Accompagnement et de Prévention en Addictologie. Il accueille et accompagne toute personne en difficulté avec une problématique addictive, avec ou sans produit ou de son entourage. Il est intégré au Centre Municipal de Santé Balagny.",81.3953488372093,8.6,43,4,"['Balagny', 'Addictologie', 'addictive', 'Balagny']",0,0.0,0,0.0,[]
AIDES Saint-Denis,"AIDES est une association de lutte contre le VIH/sida et les hépatites virales. Elle mène des actions d'information, de prévention, de soutien auprès des personnes concernées par le VIH et les hépatites.  Le local AIDES St-Denis accompagne également les personnes vivant avec le VIH dans leur démarches administratives et de santé. Des permanences sont organisées chaque semaine pour répondre aux besoins en santé sexuelle et par rapport à la consommation de produits psycho-actif. Il est possible d'y réaliser des tests rapides du VIH et de l'hépatites C gratuits et à résultat immédiat dans un environnement confidentiel et sans jugement Sur RDV du lundi au vendredi au 06.01.01.82.11 / 07 62 38 69 37 /  ymaisonneuve@aides.orgSans RDV tous les Mercredi de 15h à 19h.",93.75,14.375,115,0,[],1,0.125,0,0.0,[]
AIDES Bobigny,"L'association AIDES réalise des actions prévention, de sensibilisation avec offre de dépistage rapide pour le VIH/SIDA et des hépatites virales B et C. C'est un test rapide, gratuit, confidentiel avec un résultat immédiat. Les militant-e-s de l'association AIDES échangent sur les risques liés aux infections sexuellement transmissibles (IST), la consommation des produits (drogues), et toute question en lien avec la santé. Nous délivrons gratuitement aussi le matériel de prévention : les préservatifs (interne et externe), la documentation sur les IST, le matériel de réductions des risques lié aux drogues (doseurs, pipes à crack, seringues stériles , etc.…). Nous proposons enfin des auto-prélèvements anaux, vaginaux ou oraux afin de détecter d'éventuelles infections à la gonorrhée et aux chlamydiae. Le tout dans un cadre confidentiel, sans jugement.  Nous accompagnons également les personnes qui le souhaitent vers un accès aux droits, aux soins et à l'autonomie en santé. Nous pouvons ainsi aider les personnes vivant avec le VIH à obtenir un RDV en préfecture et prendre en charge une partie de leurs timbres fiscaux dans le cadre des demandes de titre de séjour pour soins (1ère demande et renouvellement).Les permanences d'accueil de santé sexuelle sont tous les mercredis de 14h00-19h30. C'est sans RDV et on vous propose, le dépistage rapide du VIH, de l'hépatite B et C. On parle sexualité, santé sexuelle et comment réduire ses prises de risques. Si vous souhaitez passer à notre local à un autre moment, n'hésitez pas à nous appeler pour prendre un RDV ou vérifier que nous sommes bien là.",76.49687154950313,22.454545454545453,247,5,"['transmissibles', 'doseurs', 'vaginaux', 'gonorrhée', 'chlamydiae']",0,0.0,1,0.09090909090909091,['confidentiel']
Secours Populaire - Comité de La Courneuve,"Le Secours populaire français intervient dans les domaines de l’aide alimentaire, vestimentaire, de l’accès et du maintien dans le logement, de l’accès aux soins, de l’insertion socioprofessionnelle, de l’accès à la culture et plus généralement de l’accès aux droits pour tous.  ",43.1219512195122,41.0,41,1,['socioprofessionnelle'],0,0.0,0,0.0,[]
Point d'Accès au Droit de Noisy-le-Sec,"Le Point d’Accès au Droit (PAD) de Noisy-le-Sec est un lieu labélisé par le conseil Départemental d’Accès au droit (CDAD) qui accueille sur rendez-vous, gratuitement et anonymement, les personnes rencontrant un problème juridique et/ou administratif.",90.11764705882354,17.0,34,1,['labélisé'],0,0.0,0,0.0,[]
CeGIDD Départemental de Bobigny,"Le CeGIDD départemental de Bobigny assure des missions de prévention, de dépistage et de diagnostic du VIH, des hépatites et des infections sexuellement transmissibles, avec consultation gynécologique et de psycho-sexologie UNIQUEMENT pour les femmes Pour obtenir d'autres informations sur le Dépistage à Bobigny, vous pouvez consulter le site internet de Sida Info Service.",7.185185185185187,54.0,54,4,"['CeGIDD', 'transmissibles', 'gynécologique', 'sexologie']",0,0.0,0,0.0,[]
Mission Locale Intercommunale - antenne de Sevran,"La Mission locale accueille les jeunes de 16 à 25 ans ayant quitté le système scolaire pouvant bénéficier d’un accompagnement personnalisé par un conseiller  La Mission locale vous aide à :- définir un projet professionnel - rechercher un emploi, une formation - prendre connaissance des modalités pour travailler à l’étranger - être informé en matière de droits à la santé, au logement, de garde d’enfants, etc. La Mission locale propose des contrats d'engagement jeune (CEJ), un dispositif d'accompagnement renforcé qui engage les jeunes à participer à des activités d'insertion entre 15 et 20h par semaine en échange d'une aide financière. ",83.6,18.2,91,0,[],1,0.2,0,0.0,[]
Secours Populaire - Comité des Lilas,"Le Secours populaire français intervient dans les domaines de l’aide alimentaire, vestimentaire, de l’accès et du maintien dans le logement, de l’accès aux soins, de l’insertion socioprofessionnelle, de l’accès à la culture et plus généralement de l’accès aux droits pour tous. Permanence d'accueil le mardi et le jeudi après-midi.",77.83333333333333,24.0,48,1,['socioprofessionnelle'],0,0.0,0,0.0,[]
Mission Locale Intercommunale - antenne de Villemomble,"La Mission locale accueille les jeunes de 16 à 25 ans ayant quitté le système scolaire pouvant bénéficier d’un accompagnement personnalisé par un conseiller.La Mission locale vous aide à : définir un projet professionnelrechercher un emploi, une formationprendre connaissance des modalités pour travailler à l’étranger être informé en matière de droits à la santé, au logement, de garde d’enfants, etc.  ",40.98245614035088,28.5,57,2,"['professionnelrechercher', 'formationprendre']",1,0.5,0,0.0,[]
Boutique alimentaire Coup de pouce,"L'association Coup de Pouce gère une épicerie sociale et solidaire réservée aux familles des Pavillons-sous-Bois les plus démunies, orientées par les organismes sociaux (le CCAS , la CAF , la mission RSA , les assistantes sociales). Les personnes reçoivent des denrées alimentaires en échange d’une participation ﬁnancière qui s’élève à 10% du prix marchand des produits.",50.07843137254902,25.5,51,1,['démunies'],0,0.0,1,0.5,['orientées']
CSAPA Oppelia Cap 93,"Un CSAPA est un lieu d'accueil, d'orientation et de soins pour les personnes en difficulté avec une conduite addictive. Il s'adresse à l'entourage, ainsi qu'aux professionnels. Le CSAPA Oppelia Cap 93 accueillent les personnes présentant une addiction avec ou sans produit et leur entourage. Il est ouvert aux mineurs.La prise de RDV se fait par téléphone ou sur place dans le temps de présence de la secrétaire.",94.02985074626866,13.4,67,2,"['addictive', 'Oppelia']",0,0.0,0,0.0,[]
Mission Locale Intercommunale - antenne de Tremblay-en-France,"La Mission locale accueille les jeunes de 16 à 25 ans ayant quitté le système scolaire pouvant bénéficier d’un accompagnement personnalisé par un conseiller.  La Mission locale vous aide à - définir un projet professionnel- rechercher un emploi, une formation- prendre connaissance des modalités pour travailler à l’étranger- être informé en matière de droits à la santé, au logement, de garde d’enfants, etc.  La Mission locale propose des contrats d'engagement jeune (CEJ), un dispositif d'accompagnement renforcé qui engage les jeunes à participer à des activités d'insertion entre 15 et 20h par semaine en échange d'une aide financière.",73.5,22.0,88,0,[],1,0.25,0,0.0,[]
ASKOLA,"La mission de ASKOLA est de permettre l'accès à l'éducation à tous les enfants qui en sont exclus, vivant en dans des situations de grande précarité sur le département de la Seine-Saint-Denis, et d'en assurer la pérennité.L'association propose :des actions d'éducation : préparation scolaire dans les dispositifs “Passerelle” des camions-école; soutien scolaire; sorties culturellesdes actions de médiation scolaire : sensibilisation; accompagnement pour les inscriptions scolaires et l'entrée à l'école; soutien matériel (don de fournitures scolaires neuves) ; création et renforcement d'un lien entre la famille et l'institution scolairedes actions de plaidoyer : avec un collectif de mères d'élèves concernées, améliorer la prise en compte des besoins par les politiques publiques, défendre le droit à l'école et combattre les obstacles à la scolarisation",86.63865546218487,11.9,119,2,"['culturellesdes', 'scolairedes']",0,0.0,2,0.2,"['vivant', 'améliorer']"
Maison de Justice et du Droit d'Epinay-sur-Seine,"La maison de justice et du droit d'Epinay-sur-Seine est une structure judiciaire de proximité qui dépend du tribunal judiciaire de Bobigny et qui est également gérée par la collectivité locale d'Epinay-sur-Seine. C’est un lieu d’accueil, d’orientation et d’information sur les droits et obligations dans de nombreux domaines de droit (famille, pénal, travail, étranger, etc.) qui peut être sollicité en dehors de tout procès ou bien avant, pendant ou après un procès.La maison de justice et du droit permet à chaque personne, quels que soient ses revenus, son lieu de vie, son âge, son sexe, sa nationalité, etc. de :·         connaître ses droits, ses devoirs et obligations ;·         être informée sur les moyens de les faire valoir ;·         être orientée vers les structures adaptées ;·         être aidée à accomplir des démarches ;·         être aidée en tant que victime d’une infraction pénale ;·         être informée sur la médiation ;·         être mise en relation avec un conciliateur de justice.Les permanences des professionnels du droit ou des associations qui s’y déroulent sont gratuites, confidentielles et accessibles à tous. Elles sont généralement accessibles sur rendez-vous qui est fixé par l’agent d’accueil du point-justice après analyse de la difficulté rencontrée.Des activités judiciaires pénales (audience pénale par exemple) et civiles (audition par le juge des enfants par exemple) peuvent s’y dérouler.Pour son volet accès au droit, cette MJD appartient au réseau des point-justice du département.",61.67052767052765,15.857142857142858,222,1,['conciliateur'],9,0.6428571428571429,1,0.07142857142857142,['étranger']
Maison de Justice et du Droit de Clichy-sous-Bois,"La maison de justice et du droit de Clichy-sous-Bois est une structure judiciaire de proximité qui dépend du tribunal judiciaire de Bobigny et qui est également gérée par la collectivité locale de Clichy-sous-Bois. C’est un lieu d’accueil, d’orientation et d’information sur les droits et obligations dans de nombreux domaines de droit (famille, pénal, travail, étranger, etc.) qui peut être sollicité en dehors de tout procès ou bien avant, pendant ou après un procès.La maison de justice et du droit permet à chaque personne, quels que soient ses revenus, son lieu de vie, son âge, son sexe, sa nationalité, etc. de :·         connaître ses droits, ses devoirs et obligations ;·         être informée sur les moyens de les faire valoir ;·         être orientée vers les structures adaptées ;·         être aidée à accomplir des démarches ;·         être aidée en tant que victime d’une infraction pénale ;·         être informée sur la médiation ;·         être mise en relation avec un conciliateur de justice.Les permanences des professionnels du droit ou des associations qui s’y déroulent sont gratuites, confidentielles et accessibles à tous. Elles sont généralement accessibles sur rendez-vous qui est fixé par l’agent d’accueil du point-justice après analyse de la difficulté rencontrée.Des activités judiciaires pénales (audience pénale par exemple) et civiles (audition par le juge des enfants par exemple) peuvent s’y dérouler.Pour son volet accès au droit, cette MJD appartient au réseau des point-justice du département.",61.39285714285715,16.0,224,1,['conciliateur'],9,0.6428571428571429,1,0.07142857142857142,['étranger']
Espace Tête à Tête,"Situé au sein du centre commercial Rosny 2, le Tête à Tête accueille les adolescents et les jeunes adultes de la Seine-Saint-DenisLe Tête à Tête a pour objectif de permettre à tous les jeunes du département de trouver, dans la permanence et la durée, un espace d’information, d’écoute et d’orientation facile d’accès et capable de répondre à leurs préoccupations sur la vie affective et sexuelle, l’usage de produits psychoactifs, le bien-être/mal-être et les violencesÊtre à l’écoute des prises de risques et des problématiques associéeOrienter et accompagner vers des structures et/ou services spécialisés si besoinAccueillir et informer le public sur ses conduites à risqueL’entrée est libre, anonyme et gratuite",0.0,110.0,110,5,"['Rosny', 'psychoactifs', 'violencesÊtre', 'associéeOrienter', 'besoinAccueillir']",0,0.0,0,0.0,[]
Centre de Soins d'Accompagnement et de Prévention en Addictologie (CSAPA) -  Le Chat,"Un CSAPA est un lieu d'accueil, d'orientation et de soins pour les personnes en difficulté avec une conduite addictive. Il s'adresse à l'entourage, ainsi qu'aux professionnels.Le CSAPA municipal de Saint-Denis ""Le Chat"" propose un accompagnement et des soins pour les personnes principalement en difficulté avec l'alcool et/ou le tabac. Il se situe dans les locaux du Centre Municipal de Santé Le Cygne.",96.82539682539682,12.6,63,1,['addictive'],0,0.0,0,0.0,[]
Association Femmes Relais Médiatrices Interculturelles,"L'association Femmes Relais Médiatrices Interculturelles est une association balbynienne de médiation sociale et culturelle composée d'une équipe pluridisciplinaire (assistante sociale, médiatrice / médiateur social, juriste). Elle propose notamment :Une permanence d’accueil pour l'accès aux droits (association spécialisée dans le droit des étrangers)Des ateliers sociolinguistiques Des ateliers informatique Des ateliers emploi et estime de soi Des séances thématiques (CAF, parentalité, santé, éco-gestes, tri sélectif, etc…)Du sport (fitness et remise en forme)Des permanences à la Poste Un atelier Vélo Une distribution de colis alimentaireUn écrivain public De l'accompagnement scolaire Des sorties culturelles et familiales Des ateliers couture Infatigables depuis 1988D’une manière ou d’une autre, nous sommes toujours en action pour notre public. Toujours en action pour leur apporter une vie meilleure.",68.34782608695652,23.0,115,9,"['Médiatrices', 'Interculturelles', 'balbynienne', 'pluridisciplinaire', 'médiatrice', 'sociolinguistiques', 'parentalité', 'alimentaireUn', 'Infatigables']",0,0.0,0,0.0,[]
CeGIDD Hôpital André Grégoire - Montreuil,"Centre Gratuit d’Information de Dépistage et de Diagnostic des infections par le VIH, les Hépatites et les infections sexuellement transmissibles (CeGIDD).   Il a pour missions la prévention, le dépistage, le traitement du VIH, des hépatites virales et des autres infections sexuellement transmissibles, le dépistage et la prise en charge des violences, la contraception et la trithérapie d’urgence, la prévention et l’orientation des grossesses non prévues, les vaccinations contre les infections sexuellement transmissibles. Il s’articule avec l’activité de maladies infectieuses de la consultation de médecine interne et avec le service de gynécologie-obstétrique, pour améliorer la santé sexuelle de la population vivant sur notre territoire   Pour obtenir d'autres informations sur le Dépistage à Montreuil, vous pouvez consulter le site internet de Sida Info Service.",42.99186991869919,30.75,123,8,"['Hépatites', 'transmissibles', 'CeGIDD', 'transmissibles', 'trithérapie', 'transmissibles', 'gynécologie', 'obstétrique']",0,0.0,1,0.25,['pour']
CeGIDD du Centre hospitalier de Saint-Denis,"Le CeGIDD du Centre hospitalier de Saint-Denis est un Centre Gratuit d’Information de Dépistage et de Diagnostic des infections par le VIH, les Hépatites et les infections sexuellement transmissibles (CeGIDD).   Il a pour missions la prévention, le dépistage, le traitement du VIH, des hépatites virales et des autres infections sexuellement transmissibles, le dépistage et la prise en charge des violences, la contraception et la trithérapie d’urgence, la prévention et l’orientation des grossesses non prévues, les vaccinations contre les infections sexuellement transmissibles.        > Veuillez vous présenter au plus tard 45 minutes avant la fermeture  > Veuillez appeler durant les horaires d'ouverture              >> Pour les consultations PrEP <<       > 1er contact : aux horaires du CeGIDD       > Initiation et suivis uniquement sur rendez-vous du lundi au vendredi (de 9h à 18h)   Pour obtenir d'autres informations sur le Dépistage à Saint-Denis, vous pouvez consulter le site internet de Sida Info Service.",49.56716417910448,33.5,134,9,"['CeGIDD', 'Hépatites', 'transmissibles', 'CeGIDD', 'transmissibles', 'trithérapie', 'transmissibles', 'PrEP', 'CeGIDD']",0,0.0,0,0.0,[]
Secours Populaire - Comité de l'île Saint-Denis,"Le Secours populaire français intervient dans les domaines de l’aide alimentaire, vestimentaire, de l’accès et du maintien dans le logement, de l’accès aux soins, de l’insertion socioprofessionnelle, de l’accès à la culture et plus généralement de l’accès aux droits pour tous.Permanence d'accueil au centre social le jeudi de 14h à 17h. ",76.0,25.0,50,1,['socioprofessionnelle'],0,0.0,0,0.0,[]
CASITA Maison des adolescents,"La maison des adolescents, CASITA, est un lieu d’accueil, d’écoute et d’orientation où les adolescents peuvent venir seuls ou accompagnés   Les professionnels de CASITA assurent un accueil et des soins multidisciplinaires pour les adolescents de 11 à 21 ans habitant le bassin de vie autour de l'Hôpital Avicenne : Aubervilliers, Bobigny, Drancy, La Courneuve, Pantin, Noisy-le-Sec. L'équipe assure un accueil des adolescents et de leur famille au téléphone ou sur place   La maison des adolescents est située dans l'enceinte de l'Hôpital. Les portes de CASITA sont ouvertes à tout jeune en proie à des difficultés. Les équipes de CASITA sont aussi à disposition des parents ou des professionnels souhaitant évoquer une situation particulière.",79.06684141546528,15.571428571428571,109,3,"['multidisciplinaires', 'Avicenne', 'Courneuve']",1,0.14285714285714285,1,0.14285714285714285,['d’']
CASADO Maison des adolescents,"La maison des adolescents, CASADO, est un lieu d’accueil, d’écoute et d’orientation pour les adolescents de 12 à 21 ans mais aussi pour leurs parents et des professionnels du secteur.",74.0,28.0,28,0,[],0,0.0,0,0.0,[]
CSAPA la Mosaïque,"Centre de Soins d'Accompagnement et de Prévention en Addictologie ( drogues illicites exclusivement)  : ce centre anonyme et gratuit accueille les patients toxicomanes et toutes leurs co-addictions. La composition de l’équipe pluridisciplinaire permet une prise en charge élargie sur le plan somatique, psychologique, socio-éducatif.",80.0,13.333333333333334,40,4,"['Addictologie', 'toxicomanes', 'pluridisciplinaire', 'somatique']",0,0.0,0,0.0,[]
Secours Populaire - Comité de Livry Gargan,"Le Secours populaire français intervient dans les domaines de l’aide alimentaire, vestimentaire, de l’accès et du maintien dans le logement, de l’accès aux soins, de l’insertion socioprofessionnelle, de l’accès à la culture et plus généralement de l’accès aux droits pour tous. Permanence d'accueil le lundi et le jeudi.",77.83333333333333,24.0,48,1,['socioprofessionnelle'],0,0.0,0,0.0,[]
Secours Catholique de Clichy-sous-Bois,"Le Secours Catholique de Clichy-sous-Bois propose un accueil social chaque mardi matin : une permanence d'écoute aux personnes qui lui sont adressées, souvent en grande détresse. Une épicerie sociale fonctionne également, mais uniquement sur orientation d'une assistante socialeLe Secours Catholique de Clichy-sous-Bois organise aussi des activités culturelles, un jeudi matin par mois.",51.91836734693878,24.5,49,1,['socialeLe'],1,0.5,0,0.0,[]
Juris Secours Bobigny,"Association d’accès au Droit et de cohésion sociale. Permanence juridique, conseil administratif, écrivain public et accompagnement social, notamment accompagnement des femmes et jeunes filles victimes de violences et/ou de discrimination. SUR RDV par téléphone aux horaires indiqués. Permanences juridiques généralistes sur d'autres sites à Bobigny:tous les lundis de 14h à 17h à l'Hôtel de Ville de Bobigny. Sans rendez-vous.toutes les 3 semaines, le vendredi de 10h à 12h, à la Mairie annexe Epstein, située au 31 rue de l'Etoile à Bobigny. Prendre rendez-vous au 0148329139. toutes les 3 semaines, le vendredi de 10h à 12h, à la Maire annexe Racine, située au 8 Rue Racine à Bobigny. Prendre rendez-vous au 0148329139. toutes les 3 semaines, le vendredi de 10h à 12h, à la Mairie annexe Emile Aillaud, située au 60 avenue Edouard Vaillant à Bobigny. Prendre rendez-vous au 0148329139.  Permanence juridique spécialisée en droit du travail : tous les mardis matins, de 9h30 à 12h30 au Conseil de prud'hommes situé au 1-13 rue Michel de l’Hospital à Bobigny. Prendre rendez-vous au 01 48 96 22 22. ",79.51902587519027,16.22222222222222,146,1,['Aillaud'],0,0.0,3,0.3333333333333333,"['située', 'située', 'située']"
France Services de villetaneuse -Maison Commune-Espace Numerique,"Le service municipal France Services, vous oriente et vous informe sur vos démarches et vous accompagne dans vos démarches administratives avec les 9 partenaires de l'etat. Il comprend les agents France Services et , les conseillers Numérique.  ",95.0,17.5,35,0,[],0,0.0,0,0.0,[]
CAUP Montreuil,"Centre d'Accueil et d'Urgence Psychiatrique :Une équipe de psychiatres et d'infirmiers accueille les habitants de  Montreuil, Romainville et Noisy-le-Sec pour toute demande relative à des troubles psychiatriques ou des difficultés psychologiques. En fonction des besoins propres à chaque patient, sont mis en œuvre des soins diversifiés dans un but de prévention, de traitement adapté et de meilleure insertion familiale et sociale. ",70.0,20.0,60,1,['Romainville'],1,0.3333333333333333,0,0.0,[]
point-justice de Sevran,"Le point-justice de Sevran est un service juridique de proximité qui peut être sollicité en dehors de tout procès ou bien avant, pendant ou après un procès. C’est un lieu d’accueil, d’orientation et d’information sur les droits et obligations dans de nombreux domaines de droit (famille, pénal, travail, étranger, etc.).Le point-justice permet à chaque personne, quels que soient ses revenus, son lieu de vie, son âge, son sexe, sa nationalité, etc. de :·         connaître ses droits, ses devoirs et obligations ;·         être informée sur les moyens de les faire valoir ;·         être orientée vers les structures adaptées ;·         être aidée à accomplir des démarches ;·         être informée sur la médiation ;·         être mise en relation avec un conciliateur de justice.Les permanences des professionnels du droit ou des associations qui s’y déroulent sont gratuites, confidentielles et accessibles à tous. Elles sont généralement accessibles sur rendez-vous qui est fixé par l’agent d’accueil du point-justice après analyse de la difficulté rencontrée.",65.56743909685086,13.909090909090908,153,2,"['Sevran', 'conciliateur']",7,0.6363636363636364,0,0.0,[]
Secours Populaire - Comité de Montreuil,"Le Secours populaire français intervient dans les domaines de l’aide alimentaire, vestimentaire, de l’accès et du maintien dans le logement, de l’accès aux soins, de l’insertion socioprofessionnelle, de l’accès à la culture et plus généralement de l’accès aux droits pour tous. Permanence d'accueil le lundi, mardi et mercredi et samedi. Réception des dons le samedi de 14h à 16h. LES INSCRIPTIONS ONT LIEU LES LUNDIS.",96.82539682539682,12.6,63,1,['socioprofessionnelle'],0,0.0,0,0.0,[]
Mission Locale Noisy-le-Grand,"La Mission locale accueille les jeunes de 16 à 25 ans ayant quitté le système scolaire pouvant bénéficier d’un accompagnement personnalisé par un conseiller. La Mission locale vous aide à :- définir un projet professionnel - rechercher un emploi, une formation- prendre connaissance des modalités pour travailler à l’étranger- être informé en matière de droits à la santé, au logement, de garde d’enfants, etc.Accueille les jeunes de Noisy-le-Grand et Gournay-sur-Marne. /!\ N'accueille plus les jeunes de Neuilly-sur-Marne.",92.85714285714286,9.571428571428571,67,0,[],1,0.14285714285714285,0,0.0,[]
